season,conf,seed,team
2002,AFC,1,LV
2002,AFC,2,TEN
2002,AFC,3,PIT
2002,AFC,4,NYJ
2002,AFC,5,IND
2002,AFC,6,CLE
2002,NFC,1,PHI
2002,NFC,2,TB
2002,NFC,3,GB
2002,NFC,4,SF
2002,NFC,5,NYG
2002,NFC,6,ATL
2003,AFC,1,NE
2003,AFC,2,KC
2003,AFC,3,IND
2003,AFC,4,BAL
2003,AFC,5,TEN
2003,AFC,6,DEN
2003,NFC,1,PHI
2003,NFC,2,LA
2003,NFC,3,CAR
2003,NFC,4,GB
2003,NFC,5,SEA
2003,NFC,6,DAL
2004,AFC,1,PIT
2004,AFC,2,NE
2004,AFC,3,IND
2004,AFC,4,LAC
2004,AFC,5,NYJ
2004,AFC,6,DEN
2004,NFC,1,PHI
2004,NFC,2,ATL
2004,NFC,3,GB
2004,NFC,4,SEA
2004,NFC,5,LA
2004,NFC,6,MIN
2005,AFC,1,IND
2005,AFC,2,DEN
2005,AFC,3,CIN
2005,AFC,4,NE
2005,AFC,5,JAX
2005,AFC,6,PIT
2005,NFC,1,SEA
2005,NFC,2,CHI
2005,NFC,3,TB
2005,NFC,4,NYG
2005,NFC,5,CAR
2005,NFC,6,WAS
2006,AFC,1,LAC
2006,AFC,2,BAL
2006,AFC,3,IND
2006,AFC,4,NE
2006,AFC,5,NYJ
2006,AFC,6,KC
2006,NFC,1,CHI
2006,NFC,2,NO
2006,NFC,3,PHI
2006,NFC,4,SEA
2006,NFC,5,DAL
2006,NFC,6,NYG
2007,AFC,1,NE
2007,AFC,2,IND
2007,AFC,3,LAC
2007,AFC,4,PIT
2007,AFC,5,JAX
2007,AFC,6,TEN
2007,NFC,1,DAL
2007,NFC,2,GB
2007,NFC,3,SEA
2007,NFC,4,TB
2007,NFC,5,NYG
2007,NFC,6,WAS
2008,AFC,1,TEN
2008,AFC,2,PIT
2008,AFC,3,MIA
2008,AFC,4,LAC
2008,AFC,5,IND
2008,AFC,6,BAL
2008,NFC,1,NYG
2008,NFC,2,CAR
2008,NFC,3,MIN
2008,NFC,4,ARI
2008,NFC,5,ATL
2008,NFC,6,PHI
2009,AFC,1,IND
2009,AFC,2,LAC
2009,AFC,3,NE
2009,AFC,4,CIN
2009,AFC,5,NYJ
2009,AFC,6,BAL
2009,NFC,1,NO
2009,NFC,2,MIN
2009,NFC,3,DAL
2009,NFC,4,ARI
2009,NFC,5,GB
2009,NFC,6,PHI
2010,AFC,1,NE
2010,AFC,2,PIT
2010,AFC,3,IND
2010,AFC,4,KC
2010,AFC,5,BAL
2010,AFC,6,NYJ
2010,NFC,1,ATL
2010,NFC,2,CHI
2010,NFC,3,PHI
2010,NFC,4,SEA
2010,NFC,5,NO
2010,NFC,6,GB
2011,AFC,1,NE
2011,AFC,2,BAL
2011,AFC,3,HOU
2011,AFC,4,DEN
2011,AFC,5,PIT
2011,AFC,6,CIN
2011,NFC,1,GB
2011,NFC,2,SF
2011,NFC,3,NO
2011,NFC,4,NYG
2011,NFC,5,ATL
2011,NFC,6,DET
2012,AFC,1,DEN
2012,AFC,2,NE
2012,AFC,3,HOU
2012,AFC,4,BAL
2012,AFC,5,IND
2012,AFC,6,CIN
2012,NFC,1,ATL
2012,NFC,2,SF
2012,NFC,3,GB
2012,NFC,4,WAS
2012,NFC,5,SEA
2012,NFC,6,MIN
2013,AFC,1,DEN
2013,AFC,2,NE
2013,AFC,3,CIN
2013,AFC,4,IND
2013,AFC,5,KC
2013,AFC,6,LAC
2013,NFC,1,SEA
2013,NFC,2,CAR
2013,NFC,3,PHI
2013,NFC,4,GB
2013,NFC,5,SF
2013,NFC,6,NO
2014,AFC,1,NE
2014,AFC,2,DEN
2014,AFC,3,PIT
2014,AFC,4,IND
2014,AFC,5,CIN
2014,AFC,6,BAL
2014,NFC,1,SEA
2014,NFC,2,GB
2014,NFC,3,DAL
2014,NFC,4,CAR
2014,NFC,5,ARI
2014,NFC,6,DET
2015,AFC,1,DEN
2015,AFC,2,NE
2015,AFC,3,CIN
2015,AFC,4,HOU
2015,AFC,5,KC
2015,AFC,6,PIT
2015,NFC,1,CAR
2015,NFC,2,ARI
2015,NFC,3,MIN
2015,NFC,4,WAS
2015,NFC,5,GB
2015,NFC,6,SEA
2016,AFC,1,NE
2016,AFC,2,KC
2016,AFC,3,PIT
2016,AFC,4,HOU
2016,AFC,5,LV
2016,AFC,6,MIA
2016,NFC,1,DAL
2016,NFC,2,ATL
2016,NFC,3,SEA
2016,NFC,4,GB
2016,NFC,5,NYG
2016,NFC,6,DET
2017,AFC,1,NE
2017,AFC,2,PIT
2017,AFC,3,JAX
2017,AFC,4,KC
2017,AFC,5,TEN
2017,AFC,6,BUF
2017,NFC,1,PHI
2017,NFC,2,MIN
2017,NFC,3,LA
2017,NFC,4,NO
2017,NFC,5,CAR
2017,NFC,6,ATL
2018,AFC,1,KC
2018,AFC,2,NE
2018,AFC,3,HOU
2018,AFC,4,BAL
2018,AFC,5,LAC
2018,AFC,6,IND
2018,NFC,1,NO
2018,NFC,2,LA
2018,NFC,3,CHI
2018,NFC,4,DAL
2018,NFC,5,SEA
2018,NFC,6,PHI
2019,AFC,1,BAL
2019,AFC,2,KC
2019,AFC,3,NE
2019,AFC,4,HOU
2019,AFC,5,BUF
2019,AFC,6,TEN
2019,NFC,1,SF
2019,NFC,2,GB
2019,NFC,3,NO
2019,NFC,4,PHI
2019,NFC,5,SEA
2019,NFC,6,MIN
2020,AFC,1,KC
2020,AFC,2,BUF
2020,AFC,3,PIT
2020,AFC,4,TEN
2020,AFC,5,BAL
2020,AFC,6,CLE
2020,AFC,7,IND
2020,NFC,1,GB
2020,NFC,2,NO
2020,NFC,3,SEA
2020,NFC,4,WAS
2020,NFC,5,TB
2020,NFC,6,LA
2020,NFC,7,CHI
2021,AFC,1,TEN
2021,AFC,2,KC
2021,AFC,3,BUF
2021,AFC,4,CIN
2021,AFC,5,LV
2021,AFC,6,NE
2021,AFC,7,PIT
2021,NFC,1,GB
2021,NFC,2,TB
2021,NFC,3,DAL
2021,NFC,4,LA
2021,NFC,5,ARI
2021,NFC,6,SF
2021,NFC,7,PHI
2022,AFC,1,KC
2022,AFC,2,BUF
2022,AFC,3,CIN
2022,AFC,4,JAX
2022,AFC,5,LAC
2022,AFC,6,BAL
2022,AFC,7,MIA
2022,NFC,1,PHI
2022,NFC,2,SF
2022,NFC,3,MIN
2022,NFC,4,TB
2022,NFC,5,DAL
2022,NFC,6,NYG
2022,NFC,7,SEA
2023,AFC,1,BAL
2023,AFC,2,BUF
2023,AFC,3,KC
2023,AFC,4,HOU
2023,AFC,5,CLE
2023,AFC,6,MIA
2023,AFC,7,PIT
2023,NFC,1,SF
2023,NFC,2,DAL
2023,NFC,3,DET
2023,NFC,4,TB
2023,NFC,5,PHI
2023,NFC,6,LA
2023,NFC,7,GB
2024,AFC,1,KC
2024,AFC,2,BUF
2024,AFC,3,BAL
2024,AFC,4,HOU
2024,AFC,5,LAC
2024,AFC,6,PIT
2024,AFC,7,DEN
2024,NFC,1,DET
2024,NFC,2,PHI
2024,NFC,3,TB
2024,NFC,4,LA
2024,NFC,5,MIN
2024,NFC,6,WAS
2024,NFC,7,GB
2025,AFC,1,DEN
2025,AFC,2,NE
2025,AFC,3,JAX
2025,AFC,4,PIT
2025,AFC,5,HOU
2025,AFC,6,BUF
2025,AFC,7,LAC
2025,NFC,1,SEA
2025,NFC,2,CHI
2025,NFC,3,PHI
2025,NFC,4,CAR
2025,NFC,5,LA
2025,NFC,6,SF
2025,NFC,7,GB
