game_id,play_id,season,week,ydstogo,yardline_100,converted,p_v1,p_v2
2019_01_ATL_MIN,3279.0,2019,1,5.0,20.0,1.0,0.441371762253769,0.45977670472523086
2019_01_ATL_MIN,3882.0,2019,1,2.0,23.0,1.0,0.4897616446304877,0.525066289249802
2019_01_BAL_MIA,1763.0,2019,1,1.0,70.0,1.0,0.7244065321364288,0.7225910949879321
2019_01_BAL_MIA,3451.0,2019,1,3.0,3.0,1.0,0.40495478451160705,0.42343403095494403
2019_01_BUF_NYJ,1701.0,2019,1,1.0,36.0,0.0,0.6957862099399234,0.6905620144175216
2019_01_BUF_NYJ,4131.0,2019,1,1.0,66.0,1.0,0.684190617100052,0.6815831168763286
2019_01_BUF_NYJ,4284.0,2019,1,10.0,60.0,0.0,0.25326288907908834,0.28152523478908736
2019_01_CIN_SEA,2927.0,2019,1,1.0,36.0,0.0,0.692450207224847,0.6874845091800916
2019_01_GB_CHI,3060.0,2019,1,10.0,33.0,0.0,0.3053557181056278,0.3415136674910236
2019_01_GB_CHI,4576.0,2019,1,8.0,84.0,0.0,0.36228382253000474,0.4016513768536334
2019_01_HOU_NO,964.0,2019,1,1.0,21.0,1.0,0.697057394513434,0.691410542599696
2019_01_IND_LAC,3099.0,2019,1,3.0,49.0,1.0,0.519835176592181,0.5384650000287825
2019_01_NYG_DAL,2134.0,2019,1,5.0,44.0,0.0,0.4134820376674952,0.4299802763956237
2019_01_NYG_DAL,2305.0,2019,1,8.0,40.0,1.0,0.3570693973760139,0.4016856625595419
2019_01_NYG_DAL,2804.0,2019,1,1.0,7.0,0.0,0.6695967249471082,0.6673023927593053
2019_01_PIT_NE,1792.0,2019,1,1.0,47.0,0.0,0.7105640487881476,0.7057736229678337
2019_01_PIT_NE,3219.0,2019,1,9.0,45.0,0.0,0.3338937359898274,0.37808642671581594
2019_01_PIT_NE,4085.0,2019,1,2.0,32.0,1.0,0.5131083075811274,0.5487969695032293
2019_01_SF_TB,3222.0,2019,1,2.0,2.0,0.0,0.49808111682404677,0.5401955079438183
2019_01_SF_TB,4113.0,2019,1,6.0,37.0,0.0,0.40051082450477127,0.4438844028335089
2019_01_TEN_CLE,3912.0,2019,1,13.0,48.0,0.0,0.2044808060741741,0.23263165078448705
2019_01_TEN_CLE,4251.0,2019,1,2.0,67.0,0.0,0.5276381644105067,0.5636135117721393
2019_01_WAS_PHI,1057.0,2019,1,2.0,29.0,0.0,0.571243646632503,0.6073746113778999
2019_01_WAS_PHI,2201.0,2019,1,1.0,66.0,1.0,0.7170771731318225,0.7150268189249115
2019_01_WAS_PHI,3923.0,2019,1,7.0,59.0,1.0,0.37451274722978106,0.4141575665082203
2019_01_WAS_PHI,4067.0,2019,1,12.0,53.0,1.0,0.2268894516385171,0.2531904845795035
2019_02_ARI_BAL,575.0,2019,2,3.0,43.0,0.0,0.5554583520338805,0.5738535578714692
2019_02_ARI_BAL,1219.0,2019,2,2.0,47.0,1.0,0.533668014296934,0.569532692453018
2019_02_BUF_NYG,3130.0,2019,2,2.0,15.0,1.0,0.5219311694642391,0.5575949164666191
2019_02_BUF_NYG,3773.0,2019,2,10.0,58.0,0.0,0.27182076619750895,0.30105886334950993
2019_02_CHI_DEN,3367.0,2019,2,2.0,45.0,1.0,0.5417627675818244,0.5776344875659458
2019_02_CHI_DEN,3894.0,2019,2,10.0,43.0,1.0,0.24652033060592457,0.27814600693390623
2019_02_CHI_DEN,4073.0,2019,2,3.0,12.0,1.0,0.4268859242883252,0.44323618918569185
2019_02_CHI_DEN,4322.0,2019,2,15.0,60.0,1.0,0.15395274329095066,0.17407531925295186
2019_02_CLE_NYJ,2869.0,2019,2,2.0,12.0,0.0,0.5025792857761259,0.5373515876628567
2019_02_CLE_NYJ,3279.0,2019,2,3.0,44.0,0.0,0.5283498797625684,0.5466120917913887
2019_02_DAL_WAS,2569.0,2019,2,7.0,31.0,1.0,0.3785543564790104,0.4237389920043145
2019_02_DAL_WAS,3257.0,2019,2,3.0,46.0,0.0,0.5193930551029167,0.5378024554243964
2019_02_DAL_WAS,3774.0,2019,2,4.0,6.0,1.0,0.3881211191251512,0.4054328067764573
2019_02_IND_TEN,3679.0,2019,2,1.0,65.0,1.0,0.7035699629078621,0.7013734227995487
2019_02_IND_TEN,3958.0,2019,2,2.0,45.0,0.0,0.48590960026487434,0.5193556850631081
2019_02_JAX_HOU,2898.0,2019,2,1.0,2.0,1.0,0.6630186938926457,0.6551082901418994
2019_02_JAX_HOU,3559.0,2019,2,1.0,59.0,1.0,0.6801842684443596,0.6775293662937102
2019_02_JAX_HOU,3773.0,2019,2,10.0,31.0,1.0,0.26987174136936665,0.3031549120104744
2019_02_KC_OAK,3896.0,2019,2,2.0,56.0,1.0,0.5578239746315338,0.5942634352145787
2019_02_LAC_DET,3383.0,2019,2,1.0,35.0,1.0,0.709468851482154,0.7047956053922841
2019_02_MIN_GB,1794.0,2019,2,1.0,25.0,0.0,0.7043777800807611,0.6995317471950152
2019_02_NE_MIA,3332.0,2019,2,5.0,50.0,1.0,0.4359415668681407,0.4553209939968215
2019_02_NE_MIA,3424.0,2019,2,23.0,53.0,0.0,0.044723582250325175,0.051309236462421984
2019_02_NE_MIA,3569.0,2019,2,10.0,41.0,0.0,0.2497065703510358,0.28175783926645975
2019_02_NE_MIA,3911.0,2019,2,10.0,36.0,1.0,0.21117724764580076,0.23857157798987746
2019_02_NO_LA,1909.0,2019,2,1.0,52.0,0.0,0.7089240978486183,0.7068150469704811
2019_02_PHI_ATL,2940.0,2019,2,4.0,4.0,1.0,0.3819391920662959,0.40007133539362305
2019_02_PHI_ATL,3990.0,2019,2,3.0,54.0,1.0,0.5379330605646002,0.5538655732407072
2019_02_PHI_ATL,4259.0,2019,2,14.0,61.0,1.0,0.2121956900062215,0.23658023992914862
2019_02_PHI_ATL,4382.0,2019,2,8.0,16.0,0.0,0.29647007808496284,0.33378367538405074
2019_02_SEA_PIT,4292.0,2019,2,1.0,33.0,1.0,0.6792860095144615,0.6741652572910805
2019_02_SF_CIN,4043.0,2019,2,11.0,26.0,0.0,0.25385610457595337,0.2863950204592207
2019_02_SF_CIN,4271.0,2019,2,4.0,66.0,1.0,0.4537362706573572,0.4699354137473333
2019_02_TB_CAR,386.0,2019,2,1.0,47.0,0.0,0.7143938174524507,0.7097036880521966
2019_02_TB_CAR,3425.0,2019,2,1.0,45.0,0.0,0.7012111648165059,0.696157217663213
2019_02_TB_CAR,4226.0,2019,2,1.0,2.0,0.0,0.6454809385102689,0.636306165622448
2019_03_BAL_KC,585.0,2019,3,3.0,9.0,1.0,0.4615069971326463,0.477859818574387
2019_03_BAL_KC,1145.0,2019,3,1.0,66.0,1.0,0.7268397686120261,0.7251158352003796
2019_03_BAL_KC,1245.0,2019,3,2.0,53.0,0.0,0.5863455034283553,0.6221609555793451
2019_03_BAL_KC,2657.0,2019,3,1.0,41.0,0.0,0.7452522102053419,0.7415645881291946
2019_03_BAL_KC,3338.0,2019,3,5.0,27.0,1.0,0.4791069741843432,0.4997587254048176
2019_03_CAR_ARI,2836.0,2019,3,1.0,37.0,1.0,0.7043380427733795,0.6992922896916556
2019_03_CHI_WAS,3492.0,2019,3,2.0,2.0,1.0,0.47371042558854337,0.5152179555234413
2019_03_CHI_WAS,3725.0,2019,3,1.0,56.0,1.0,0.6837073219271409,0.6811136445319214
2019_03_CHI_WAS,3886.0,2019,3,1.0,16.0,0.0,0.650654944389981,0.6479721358474617
2019_03_DEN_GB,2509.0,2019,3,1.0,1.0,1.0,0.5604636805477456,0.5558870729470458
2019_03_DEN_GB,3625.0,2019,3,17.0,51.0,0.0,0.12477518213121008,0.14116386673819403
2019_03_DET_PHI,3847.0,2019,3,8.0,78.0,0.0,0.34401934383979793,0.38274024884589025
2019_03_DET_PHI,4109.0,2019,3,15.0,55.0,0.0,0.1562997849019782,0.1763721296530535
2019_03_HOU_LAC,3873.0,2019,3,13.0,57.0,1.0,0.2178516413564973,0.2431886638972281
2019_03_HOU_LAC,3979.0,2019,3,2.0,34.0,1.0,0.5405596306617334,0.5769181843112684
2019_03_HOU_LAC,4172.0,2019,3,14.0,34.0,0.0,0.17962503971425697,0.2046927237504542
2019_03_LA_CLE,3321.0,2019,3,9.0,40.0,0.0,0.3006623331564275,0.341899265400504
2019_03_LA_CLE,4105.0,2019,3,4.0,4.0,0.0,0.3446648547782375,0.3617489597269014
2019_03_MIA_DAL,3743.0,2019,3,6.0,51.0,1.0,0.3975315007810236,0.4374688774641724
2019_03_MIA_DAL,3834.0,2019,3,5.0,38.0,0.0,0.4386741311155247,0.45832826199196464
2019_03_MIA_DAL,4242.0,2019,3,2.0,40.0,0.0,0.5096339413733785,0.5448203845420369
2019_03_NO_SEA,1652.0,2019,3,1.0,41.0,0.0,0.7137303050297098,0.7089950604112806
2019_03_NO_SEA,2352.0,2019,3,1.0,1.0,1.0,0.5895315499136643,0.5858278500022186
2019_03_NO_SEA,2726.0,2019,3,5.0,13.0,0.0,0.40766197175388896,0.42548455706241267
2019_03_NO_SEA,3083.0,2019,3,3.0,34.0,1.0,0.5432068511838873,0.5615802534438877
2019_03_NO_SEA,3416.0,2019,3,1.0,72.0,0.0,0.7118726277120907,0.709796939339937
2019_03_NYG_TB,171.0,2019,3,1.0,41.0,1.0,0.7292240394042476,0.7249097988275762
2019_03_NYG_TB,4197.0,2019,3,5.0,7.0,1.0,0.3671271052248806,0.3843256984880324
2019_03_NYJ_NE,3941.0,2019,3,13.0,76.0,0.0,0.18339271159674522,0.20623053877758316
2019_03_OAK_MIN,2519.0,2019,3,1.0,66.0,1.0,0.6896347758536705,0.6871766268741858
2019_03_OAK_MIN,2615.0,2019,3,1.0,39.0,0.0,0.6879256541084712,0.6826465775939669
2019_03_OAK_MIN,2998.0,2019,3,3.0,44.0,1.0,0.5095387664421759,0.527979659751307
2019_03_PIT_SF,4171.0,2019,3,12.0,80.0,0.0,0.22520344588705585,0.2514555201436034
2019_03_TEN_JAX,2430.0,2019,3,6.0,11.0,0.0,0.3639526330241288,0.4034547960462457
2019_03_TEN_JAX,3811.0,2019,3,4.0,4.0,0.0,0.37141451121122326,0.38969502620394686
2019_04_CIN_PIT,590.0,2019,4,1.0,42.0,0.0,0.7214969461366335,0.7168165918609684
2019_04_CIN_PIT,3150.0,2019,4,13.0,13.0,0.0,0.10994898120848622,0.12559287692762036
2019_04_CIN_PIT,3496.0,2019,4,1.0,66.0,1.0,0.6841696158741573,0.6816419267054411
2019_04_CIN_PIT,3738.0,2019,4,10.0,48.0,0.0,0.2654231764372029,0.2984771371944884
2019_04_CLE_BAL,1747.0,2019,4,1.0,8.0,1.0,0.6318383413734756,0.6286220663966304
2019_04_CLE_BAL,3365.0,2019,4,3.0,69.0,0.0,0.5419524308988218,0.55789641338985
2019_04_CLE_BAL,4092.0,2019,4,5.0,74.0,1.0,0.4611077713951346,0.4772604272278821
2019_04_DAL_NO,1871.0,2019,4,1.0,57.0,0.0,0.727375919575211,0.725700808224695
2019_04_JAX_DEN,2685.0,2019,4,1.0,15.0,1.0,0.6852000102151489,0.6833198071258262
2019_04_KC_DET,4435.0,2019,4,8.0,66.0,1.0,0.38106195810567667,0.421579407056884
2019_04_LAC_MIA,1521.0,2019,4,6.0,37.0,0.0,0.4440720733750674,0.4891850542892238
2019_04_LAC_MIA,3651.0,2019,4,12.0,54.0,0.0,0.2143589858269746,0.2393200086082281
2019_04_MIN_CHI,283.0,2019,4,1.0,43.0,1.0,0.7012277111281657,0.6961103594991289
2019_04_MIN_CHI,1805.0,2019,4,3.0,34.0,1.0,0.5161448287304014,0.5342272371558632
2019_04_MIN_CHI,2950.0,2019,4,4.0,69.0,1.0,0.4528547909568995,0.4690671571477804
2019_04_MIN_CHI,4244.0,2019,4,5.0,74.0,0.0,0.4361078688374229,0.4521932094506977
2019_04_MIN_CHI,4373.0,2019,4,12.0,28.0,0.0,0.18060604691753765,0.20530386541265339
2019_04_NE_BUF,2735.0,2019,4,1.0,1.0,1.0,0.5411415522146312,0.5366207181445023
2019_04_NE_BUF,3958.0,2019,4,3.0,3.0,0.0,0.34795568456018966,0.3653062509494309
2019_04_OAK_IND,2126.0,2019,4,3.0,46.0,1.0,0.5755008591957523,0.5934920664226567
2019_04_OAK_IND,2750.0,2019,4,1.0,42.0,1.0,0.7248010373491883,0.7203535311847424
2019_04_OAK_IND,3527.0,2019,4,2.0,82.0,1.0,0.6120556748190348,0.6471677252676747
2019_04_OAK_IND,4419.0,2019,4,6.0,48.0,1.0,0.43278417705513794,0.47605107777412947
2019_04_PHI_GB,3674.0,2019,4,1.0,1.0,0.0,0.5644053437733103,0.560428914191094
2019_04_TB_LA,3416.0,2019,4,2.0,40.0,0.0,0.5756395614411217,0.6114399923828214
2019_04_TEN_ATL,1674.0,2019,4,1.0,39.0,0.0,0.7194140284384962,0.7148984798705041
2019_04_TEN_ATL,2926.0,2019,4,1.0,30.0,0.0,0.7111024502529062,0.7064972795215927
2019_04_TEN_ATL,3407.0,2019,4,1.0,10.0,0.0,0.7001080138347054,0.6986330882169016
2019_04_TEN_ATL,3496.0,2019,4,4.0,82.0,1.0,0.524215055332592,0.5402193035391836
2019_04_TEN_ATL,3890.0,2019,4,4.0,25.0,0.0,0.4894841927544134,0.5083314388332699
2019_04_WAS_NYG,233.0,2019,4,2.0,24.0,1.0,0.5772656615831511,0.6136566886093504
2019_05_ARI_CIN,701.0,2019,5,2.0,6.0,1.0,0.4818982401264248,0.5171000803324282
2019_05_ARI_CIN,3130.0,2019,5,1.0,58.0,0.0,0.7084544504341637,0.706393039368374
2019_05_ATL_HOU,3506.0,2019,5,2.0,8.0,1.0,0.46166430310625584,0.49527726608000144
2019_05_BAL_PIT,2480.0,2019,5,1.0,44.0,1.0,0.7085510642481507,0.7036379043579059
2019_05_BUF_TEN,575.0,2019,5,1.0,41.0,1.0,0.6860652263446948,0.680806000366987
2019_05_BUF_TEN,664.0,2019,5,2.0,31.0,0.0,0.5419971457777276,0.5787331233577144
2019_05_CHI_OAK,3585.0,2019,5,1.0,73.0,1.0,0.6879687281887679,0.685479896954007
2019_05_CLE_SF,1795.0,2019,5,1.0,27.0,1.0,0.6962302500399224,0.6912840372487243
2019_05_DEN_LAC,2057.0,2019,5,1.0,1.0,0.0,0.574312269889816,0.5667073438349592
2019_05_IND_KC,1877.0,2019,5,1.0,53.0,1.0,0.7472842554132199,0.7457848909182115
2019_05_IND_KC,3619.0,2019,5,1.0,39.0,1.0,0.708769244200565,0.703923653078434
2019_05_IND_KC,3726.0,2019,5,1.0,27.0,1.0,0.7103020634830268,0.705151427900924
2019_05_IND_KC,4026.0,2019,5,1.0,66.0,0.0,0.7416915966197145,0.740141526177892
2019_05_JAX_CAR,3515.0,2019,5,1.0,5.0,0.0,0.6552147065512055,0.6437624769036556
2019_05_LA_SEA,4107.0,2019,5,5.0,5.0,1.0,0.33775359260847,0.3560593916730277
2019_05_MIN_NYG,3228.0,2019,5,2.0,3.0,0.0,0.40226472019397025,0.4425611230962778
2019_05_MIN_NYG,3643.0,2019,5,12.0,27.0,0.0,0.22094479697621291,0.2505317081906972
2019_05_MIN_NYG,4062.0,2019,5,2.0,75.0,0.0,0.571817188965939,0.6072252775883238
2019_05_MIN_NYG,4168.0,2019,5,4.0,21.0,1.0,0.4486164621322798,0.46543464013419045
2019_05_NE_WAS,999.0,2019,5,1.0,22.0,0.0,0.7211091143727647,0.7158868543491835
2019_05_NYJ_PHI,602.0,2019,5,1.0,47.0,0.0,0.7073139616074193,0.7021753540690765
2019_05_NYJ_PHI,957.0,2019,5,5.0,36.0,0.0,0.4882024231416157,0.5089910609140166
2019_05_NYJ_PHI,2360.0,2019,5,1.0,40.0,0.0,0.7372020713569655,0.7330408947878759
2019_05_TB_NO,623.0,2019,5,1.0,21.0,1.0,0.7064988737371655,0.7012527924253303
2019_05_TB_NO,2358.0,2019,5,1.0,39.0,1.0,0.7029585781920448,0.6979233339654913
2019_05_TB_NO,3883.0,2019,5,3.0,22.0,0.0,0.5050866279678408,0.5225334189449503
2019_06_ATL_ARI,2495.0,2019,6,2.0,35.0,1.0,0.596073444886266,0.6323100435454052
2019_06_CAR_TB,739.0,2019,6,1.0,1.0,1.0,0.5861645709269796,0.5815360253642
2019_06_CAR_TB,4021.0,2019,6,1.0,17.0,1.0,0.6656816983551435,0.6633230375783719
2019_06_CAR_TB,4373.0,2019,6,10.0,55.0,0.0,0.27868519789193025,0.30822798648992455
2019_06_DAL_NYJ,1609.0,2019,6,2.0,7.0,0.0,0.5051693510803115,0.541403657422492
2019_06_DET_GB,452.0,2019,6,1.0,1.0,1.0,0.5628413369291528,0.5576739692340199
2019_06_HOU_KC,1917.0,2019,6,1.0,21.0,1.0,0.6959899902354921,0.6901402035119297
2019_06_HOU_KC,2457.0,2019,6,1.0,40.0,0.0,0.7122606712160422,0.707433825218097
2019_06_HOU_KC,4371.0,2019,6,3.0,27.0,1.0,0.5091506179942004,0.5276496810436039
2019_06_NO_JAX,3372.0,2019,6,2.0,40.0,0.0,0.5540498450256526,0.5903041855399134
2019_06_NYG_NE,195.0,2019,6,1.0,19.0,0.0,0.7370333466684079,0.7360186912355151
2019_06_NYG_NE,3270.0,2019,6,5.0,32.0,0.0,0.5081029003247878,0.5287278637363375
2019_06_NYG_NE,3937.0,2019,6,10.0,63.0,0.0,0.2617058426178307,0.2902057783667666
2019_06_PHI_MIN,1303.0,2019,6,2.0,49.0,0.0,0.5532601922947074,0.5891603223008811
2019_06_PHI_MIN,2205.0,2019,6,4.0,21.0,0.0,0.37577827959173243,0.38986846034085754
2019_06_PHI_MIN,3623.0,2019,6,15.0,67.0,1.0,0.13980509728737495,0.15789724302872415
2019_06_PHI_MIN,3952.0,2019,6,5.0,26.0,1.0,0.4828904738457631,0.5028892035069173
2019_06_SEA_CLE,602.0,2019,6,7.0,38.0,1.0,0.374044276214781,0.4184664290108416
2019_06_SEA_CLE,3374.0,2019,6,3.0,23.0,1.0,0.48436222657792427,0.5014707725778594
2019_06_SEA_CLE,3596.0,2019,6,1.0,1.0,0.0,0.557937539024662,0.5536965308169883
2019_06_SF_LA,1553.0,2019,6,1.0,1.0,0.0,0.5564442949886124,0.5526569335856812
2019_06_SF_LA,1871.0,2019,6,1.0,41.0,1.0,0.65876438236658,0.6522375389116629
2019_06_SF_LA,3285.0,2019,6,1.0,56.0,0.0,0.69340842514762,0.6909227040718866
2019_06_SF_LA,3542.0,2019,6,2.0,28.0,0.0,0.541325285725888,0.5772178555499275
2019_06_SF_LA,4114.0,2019,6,6.0,54.0,0.0,0.40962356146723283,0.45010804221646544
2019_06_TEN_DEN,3409.0,2019,6,4.0,13.0,0.0,0.42927390238967655,0.44632826366610684
2019_06_TEN_DEN,4000.0,2019,6,11.0,12.0,0.0,0.1606337894523263,0.18199488326721017
2019_06_WAS_MIA,737.0,2019,6,3.0,45.0,1.0,0.5353033990483299,0.5531568300844012
2019_06_WAS_MIA,1276.0,2019,6,2.0,39.0,1.0,0.5698819483551543,0.6061449254212171
2019_07_ARI_NYG,257.0,2019,7,3.0,35.0,1.0,0.5435860219400203,0.5614711177096687
2019_07_ARI_NYG,2997.0,2019,7,6.0,39.0,1.0,0.44865798695689396,0.4936870526803491
2019_07_ARI_NYG,3776.0,2019,7,15.0,67.0,0.0,0.15006249793522838,0.16923832029000224
2019_07_ARI_NYG,4116.0,2019,7,29.0,96.0,0.0,0.04161743134549831,0.04769485861355624
2019_07_BAL_SEA,2997.0,2019,7,2.0,8.0,1.0,0.4710710793920021,0.5040543885555162
2019_07_HOU_IND,1014.0,2019,7,1.0,55.0,0.0,0.7164317516632448,0.7144428595715183
2019_07_HOU_IND,3291.0,2019,7,1.0,65.0,1.0,0.7289200975045493,0.7271299269603431
2019_07_HOU_IND,3382.0,2019,7,1.0,52.0,0.0,0.7315926253461045,0.729851323773745
2019_07_HOU_IND,4185.0,2019,7,9.0,95.0,0.0,0.343022224483508,0.3823781012512854
2019_07_JAX_CIN,278.0,2019,7,1.0,1.0,0.0,0.5773211522714417,0.5724693645254704
2019_07_JAX_CIN,2714.0,2019,7,1.0,48.0,1.0,0.7145869664696639,0.7098387119965647
2019_07_KC_DEN,982.0,2019,7,4.0,55.0,0.0,0.5027765790523346,0.5189034496304871
2019_07_KC_DEN,1195.0,2019,7,1.0,5.0,1.0,0.6998648338697396,0.6892407214531477
2019_07_KC_DEN,3248.0,2019,7,1.0,66.0,1.0,0.7085814814571322,0.706442284215932
2019_07_KC_DEN,3570.0,2019,7,6.0,49.0,0.0,0.41735135274904617,0.46157897741230275
2019_07_LAC_TEN,235.0,2019,7,2.0,31.0,0.0,0.5736179898666433,0.6096705325828146
2019_07_LAC_TEN,390.0,2019,7,8.0,43.0,1.0,0.34767475799887215,0.39144220397293955
2019_07_LAC_TEN,3523.0,2019,7,1.0,49.0,0.0,0.6972707231897854,0.6920457377790259
2019_07_LA_ATL,1700.0,2019,7,3.0,46.0,1.0,0.5799440187503533,0.598219640632954
2019_07_MIA_BUF,2486.0,2019,7,1.0,4.0,1.0,0.635154428544404,0.6219369560384955
2019_07_MIA_BUF,3897.0,2019,7,8.0,43.0,1.0,0.30433870613079567,0.34482733785524033
2019_07_MIN_DET,3812.0,2019,7,2.0,41.0,0.0,0.5513829278680487,0.5883297593406682
2019_07_NE_NYJ,840.0,2019,7,6.0,35.0,1.0,0.46239489904934555,0.5086886170635078
2019_07_NE_NYJ,1953.0,2019,7,4.0,28.0,0.0,0.46981420676856667,0.48767809363349507
2019_07_NO_CHI,3955.0,2019,7,3.0,45.0,0.0,0.5201815321505513,0.5387363786850965
2019_07_NO_CHI,4415.0,2019,7,7.0,7.0,1.0,0.2913768071082783,0.32943164669661806
2019_07_OAK_GB,3246.0,2019,7,1.0,1.0,0.0,0.5616243037076984,0.5572272240616643
2019_07_PHI_DAL,1224.0,2019,7,1.0,51.0,1.0,0.7299004026723477,0.7282189249349136
2019_07_PHI_DAL,3725.0,2019,7,4.0,19.0,0.0,0.47293150695717134,0.49040198766195586
2019_07_PHI_DAL,3999.0,2019,7,2.0,66.0,1.0,0.5528068772387552,0.5889920233806285
2019_07_SF_WAS,1283.0,2019,7,1.0,28.0,0.0,0.6613165302751818,0.655036166213728
2019_07_SF_WAS,1959.0,2019,7,4.0,36.0,0.0,0.506660551323313,0.5252944414377858
2019_07_SF_WAS,2711.0,2019,7,1.0,35.0,1.0,0.7170377869126727,0.7123434707997602
2019_08_ARI_NO,2682.0,2019,8,1.0,70.0,0.0,0.6966454236906958,0.6943639405934934
2019_08_ARI_NO,3690.0,2019,8,2.0,27.0,0.0,0.5203226275876367,0.556019192135311
2019_08_CAR_SF,3963.0,2019,8,12.0,47.0,0.0,0.2133433721528852,0.24220085385168982
2019_08_CAR_SF,4128.0,2019,8,1.0,59.0,0.0,0.6660501104222282,0.6631516620390915
2019_08_CIN_LA,742.0,2019,8,2.0,35.0,1.0,0.5590656240534234,0.5948734231544354
2019_08_CIN_LA,1323.0,2019,8,1.0,55.0,1.0,0.6941698334695924,0.6918225939268564
2019_08_CIN_LA,3589.0,2019,8,10.0,51.0,1.0,0.2603016461755503,0.2888884931248238
2019_08_CIN_LA,3717.0,2019,8,13.0,27.0,1.0,0.18515240100469404,0.21115992286566818
2019_08_CIN_LA,3849.0,2019,8,6.0,6.0,0.0,0.28870716531347107,0.32620123501362663
2019_08_CIN_LA,4396.0,2019,8,9.0,9.0,0.0,0.133257930510517,0.15289972533481747
2019_08_CLE_NE,427.0,2019,8,7.0,33.0,1.0,0.420699430984677,0.4682768107073529
2019_08_CLE_NE,1819.0,2019,8,4.0,24.0,1.0,0.5115863759291189,0.5306501781393251
2019_08_CLE_NE,3682.0,2019,8,16.0,81.0,0.0,0.12634936290114593,0.14306772498813064
2019_08_LAC_CHI,2451.0,2019,8,1.0,43.0,1.0,0.7176159241903347,0.7128988065065657
2019_08_MIA_PIT,668.0,2019,8,6.0,37.0,0.0,0.4515043385479594,0.49740450485559073
2019_08_MIA_PIT,2972.0,2019,8,1.0,47.0,0.0,0.6861304055774575,0.6804173084634624
2019_08_MIA_PIT,3989.0,2019,8,7.0,31.0,0.0,0.334153544964042,0.3751777037356632
2019_08_NYG_DET,3668.0,2019,8,6.0,39.0,0.0,0.4175965577526566,0.46136693920868793
2019_08_NYG_DET,3919.0,2019,8,11.0,14.0,0.0,0.21490639163017738,0.24147840122887718
2019_08_NYJ_JAX,437.0,2019,8,1.0,47.0,1.0,0.6989725442143928,0.6936332661899005
2019_08_NYJ_JAX,4058.0,2019,8,6.0,73.0,0.0,0.401950737555187,0.44206623957250385
2019_08_OAK_HOU,2558.0,2019,8,1.0,66.0,1.0,0.737097511845113,0.7355035039768271
2019_08_PHI_BUF,3266.0,2019,8,10.0,29.0,0.0,0.2660962542685937,0.2994510517791288
2019_08_PHI_BUF,4246.0,2019,8,1.0,21.0,0.0,0.6789637185449874,0.6726941300035935
2019_08_PHI_BUF,4347.0,2019,8,4.0,72.0,0.0,0.49831341644529487,0.5145351432169353
2019_08_SEA_ATL,1126.0,2019,8,1.0,66.0,1.0,0.7190701851842197,0.7171133737774144
2019_08_TB_TEN,1385.0,2019,8,1.0,41.0,1.0,0.7029339146731233,0.6978778364417625
2019_08_TB_TEN,3967.0,2019,8,2.0,28.0,0.0,0.5442972216122549,0.5806953345158635
2019_08_TB_TEN,4236.0,2019,8,1.0,32.0,0.0,0.6714351327146508,0.6661020665571248
2019_08_WAS_MIN,411.0,2019,8,1.0,37.0,1.0,0.7489329819090174,0.7449624673446439
2019_08_WAS_MIN,2421.0,2019,8,1.0,66.0,0.0,0.7433403134633145,0.7418617634065992
2019_08_WAS_MIN,3352.0,2019,8,4.0,7.0,0.0,0.42755724706532733,0.44480952964998255
2019_09_CHI_PHI,284.0,2019,9,2.0,40.0,1.0,0.5619791065654048,0.5982071410458811
2019_09_CLE_DEN,2661.0,2019,9,1.0,5.0,0.0,0.6561703243492819,0.6434067842796577
2019_09_CLE_DEN,3632.0,2019,9,4.0,28.0,0.0,0.4731140589603199,0.49202382636545927
2019_09_DAL_NYG,4401.0,2019,9,10.0,36.0,1.0,0.26179658426175334,0.29437553667741645
2019_09_DET_OAK,694.0,2019,9,2.0,2.0,1.0,0.494435892073332,0.5352776457739842
2019_09_DET_OAK,1441.0,2019,9,3.0,35.0,0.0,0.5634952529995563,0.5821007269140348
2019_09_DET_OAK,2300.0,2019,9,3.0,62.0,1.0,0.5590821199097488,0.5748442530863143
2019_09_DET_OAK,4274.0,2019,9,1.0,1.0,0.0,0.5037888912192415,0.49633236679882914
2019_09_GB_LAC,2903.0,2019,9,1.0,1.0,1.0,0.5775759382894924,0.5746102583314371
2019_09_GB_LAC,3693.0,2019,9,5.0,41.0,0.0,0.46836115286052404,0.4882434279400502
2019_09_HOU_JAX,1152.0,2019,9,2.0,39.0,1.0,0.5830049982693586,0.6188758396221092
2019_09_HOU_JAX,2264.0,2019,9,14.0,31.0,0.0,0.1529497899576393,0.17539988512280993
2019_09_HOU_JAX,3234.0,2019,9,10.0,20.0,0.0,0.2554016502430308,0.2851833885048062
2019_09_IND_PIT,1238.0,2019,9,2.0,35.0,0.0,0.5572975714833132,0.5936620173388518
2019_09_IND_PIT,1990.0,2019,9,2.0,46.0,1.0,0.5579123384231821,0.593855673059014
2019_09_IND_PIT,2075.0,2019,9,4.0,35.0,0.0,0.4703502375395244,0.4890880742663246
2019_09_IND_PIT,3241.0,2019,9,2.0,4.0,1.0,0.43818819245319435,0.47379581288409606
2019_09_MIN_KC,1480.0,2019,9,1.0,7.0,1.0,0.7056298000400533,0.7041046559955129
2019_09_MIN_KC,2149.0,2019,9,1.0,15.0,1.0,0.6830112734643532,0.6812655864908437
2019_09_NE_BAL,3266.0,2019,9,4.0,38.0,1.0,0.497058903588602,0.5155803999951117
2019_09_NYJ_MIA,221.0,2019,9,2.0,32.0,1.0,0.5857810740407131,0.6224818910923411
2019_09_NYJ_MIA,4067.0,2019,9,1.0,83.0,1.0,0.6925688726353195,0.6901739175183587
2019_09_SF_ARI,2147.0,2019,9,1.0,1.0,1.0,0.5735029524393062,0.5650241838762691
2019_09_TB_SEA,4358.0,2019,9,5.0,35.0,1.0,0.4535117591714677,0.4738426965927281
2019_09_TEN_CAR,1445.0,2019,9,2.0,7.0,1.0,0.5295162342542157,0.5648731462137053
2019_09_TEN_CAR,2574.0,2019,9,4.0,64.0,1.0,0.49251486649559645,0.5087424583553327
2019_09_TEN_CAR,3873.0,2019,9,3.0,54.0,1.0,0.525875112093698,0.5419530157789335
2019_09_WAS_BUF,1393.0,2019,9,1.0,1.0,1.0,0.6009494264249404,0.5963380265878868
2019_09_WAS_BUF,1990.0,2019,9,1.0,24.0,0.0,0.7199308839350093,0.7150655995784225
2019_09_WAS_BUF,3559.0,2019,9,4.0,56.0,0.0,0.42926694122490916,0.4453358065583709
2019_10_ARI_TB,1934.0,2019,10,5.0,44.0,1.0,0.4533175550158166,0.4729845653211714
2019_10_ARI_TB,2480.0,2019,10,1.0,23.0,0.0,0.6822782524056931,0.6763268208984814
2019_10_ARI_TB,3844.0,2019,10,10.0,64.0,1.0,0.2678531258902811,0.2968678144789732
2019_10_ATL_NO,873.0,2019,10,4.0,44.0,1.0,0.48291978811779246,0.5018253596492683
2019_10_ATL_NO,3976.0,2019,10,5.0,59.0,0.0,0.5153433948745958,0.5313076684495963
2019_10_ATL_NO,4156.0,2019,10,2.0,81.0,0.0,0.6142323787629229,0.6494116964228479
2019_10_ATL_NO,4658.0,2019,10,14.0,14.0,0.0,0.09705670474672823,0.11119716279786974
2019_10_BAL_CIN,454.0,2019,10,3.0,44.0,1.0,0.5673018777285115,0.5854673024375915
2019_10_BAL_CIN,1282.0,2019,10,1.0,51.0,1.0,0.7082164217998744,0.7061492915821713
2019_10_BAL_CIN,2172.0,2019,10,8.0,34.0,0.0,0.3339768755421548,0.37685307198560447
2019_10_BAL_CIN,2413.0,2019,10,2.0,67.0,0.0,0.5493488044129876,0.5851365634672606
2019_10_BAL_CIN,2972.0,2019,10,6.0,20.0,0.0,0.3873561790776079,0.42835822929865075
2019_10_BUF_CLE,384.0,2019,10,4.0,39.0,0.0,0.4862351741756011,0.5049336367242812
2019_10_BUF_CLE,573.0,2019,10,2.0,41.0,1.0,0.5668962625774687,0.6038808549359127
2019_10_BUF_CLE,808.0,2019,10,1.0,1.0,0.0,0.6043763539394762,0.6003775753841392
2019_10_BUF_CLE,3095.0,2019,10,4.0,36.0,0.0,0.4792792390853706,0.49796430168579137
2019_10_CAR_GB,4076.0,2019,10,10.0,25.0,1.0,0.2423934657117599,0.27294271088423105
2019_10_DET_CHI,1932.0,2019,10,1.0,71.0,1.0,0.7116072127639581,0.7096089072307793
2019_10_DET_CHI,4305.0,2019,10,11.0,46.0,0.0,0.24866464057540977,0.28075199375265064
2019_10_DET_CHI,4821.0,2019,10,7.0,25.0,0.0,0.27207325970660723,0.30346297179838094
2019_10_KC_TEN,2785.0,2019,10,2.0,43.0,1.0,0.5977656922025432,0.6323641104515447
2019_10_KC_TEN,3846.0,2019,10,17.0,68.0,0.0,0.10538528433805591,0.11961736141416902
2019_10_KC_TEN,3980.0,2019,10,7.0,29.0,0.0,0.39459209378002585,0.43936408595388476
2019_10_LAC_OAK,1000.0,2019,10,1.0,50.0,1.0,0.7160554281771411,0.7112724770213673
2019_10_LAC_OAK,1817.0,2019,10,1.0,40.0,1.0,0.7355237383577834,0.7311894472302277
2019_10_LAC_OAK,4376.0,2019,10,10.0,70.0,0.0,0.28180207872157614,0.3124608602836167
2019_10_LA_PIT,3263.0,2019,10,1.0,71.0,0.0,0.6998381557184304,0.6976057113692152
2019_10_LA_PIT,4205.0,2019,10,1.0,66.0,1.0,0.6918186746734061,0.6893330808761752
2019_10_LA_PIT,4737.0,2019,10,10.0,30.0,0.0,0.26871817477803217,0.3021820390494527
2019_10_MIA_IND,754.0,2019,10,3.0,35.0,1.0,0.5332022995175271,0.5515261210554164
2019_10_MIA_IND,945.0,2019,10,3.0,3.0,0.0,0.3860783705807797,0.4041967390261023
2019_10_MIA_IND,1470.0,2019,10,2.0,45.0,0.0,0.6131140915991036,0.6487342705610789
2019_10_MIA_IND,4106.0,2019,10,10.0,16.0,0.0,0.2475441423019367,0.27675798477689956
2019_10_MIN_DAL,3140.0,2019,10,2.0,2.0,1.0,0.5086305128770328,0.5501011275032945
2019_10_MIN_DAL,4059.0,2019,10,5.0,14.0,0.0,0.4023389591630505,0.4199940429931605
2019_10_MIN_DAL,4304.0,2019,10,1.0,45.0,0.0,0.6513879140341894,0.6438435562684187
2019_10_NYG_NYJ,607.0,2019,10,1.0,41.0,1.0,0.7164096805686241,0.7118166630682015
2019_10_NYG_NYJ,1498.0,2019,10,4.0,39.0,1.0,0.5058689708022263,0.5243163034848634
2019_10_NYG_NYJ,1810.0,2019,10,1.0,61.0,0.0,0.7027787267913506,0.7005614174872644
2019_10_SEA_SF,2398.0,2019,10,2.0,33.0,0.0,0.5925226000693656,0.6284388036939375
2019_11_ARI_SF,1029.0,2019,11,5.0,40.0,0.0,0.4823983034895975,0.5026107510534477
2019_11_ARI_SF,1410.0,2019,11,1.0,34.0,1.0,0.6988886142171258,0.6936037006937716
2019_11_ARI_SF,4845.0,2019,11,1.0,21.0,0.0,0.6221411148838677,0.6117721661034399
2019_11_ATL_CAR,1038.0,2019,11,2.0,38.0,1.0,0.5935617715562721,0.6293312297588914
2019_11_ATL_CAR,2118.0,2019,11,5.0,50.0,1.0,0.48621232326354846,0.5054800716363773
2019_11_ATL_CAR,2513.0,2019,11,5.0,35.0,0.0,0.4921335362019778,0.5120496096526878
2019_11_ATL_CAR,2612.0,2019,11,1.0,44.0,1.0,0.7201052803185148,0.7156379875563644
2019_11_ATL_CAR,2959.0,2019,11,1.0,66.0,0.0,0.7233667430922638,0.7215161174158543
2019_11_ATL_CAR,3907.0,2019,11,7.0,37.0,1.0,0.40626134488407156,0.45128162595751464
2019_11_BUF_MIA,515.0,2019,11,1.0,22.0,1.0,0.6975801499075639,0.6920648722312194
2019_11_BUF_MIA,3614.0,2019,11,16.0,43.0,0.0,0.13313521502617204,0.15337156630341064
2019_11_BUF_MIA,3972.0,2019,11,2.0,58.0,1.0,0.5223255796049245,0.5585315046451588
2019_11_BUF_MIA,4066.0,2019,11,1.0,4.0,0.0,0.6309180927266823,0.6173859903774838
2019_11_BUF_MIA,4338.0,2019,11,4.0,31.0,0.0,0.4193170080845676,0.43653267908203675
2019_11_CHI_LA,464.0,2019,11,9.0,31.0,0.0,0.30128067020709254,0.3428573247805408
2019_11_CHI_LA,3879.0,2019,11,14.0,79.0,0.0,0.16069316703507236,0.18095244387971418
2019_11_CIN_OAK,559.0,2019,11,3.0,36.0,1.0,0.522899890952749,0.5405531696579075
2019_11_CIN_OAK,3188.0,2019,11,1.0,4.0,1.0,0.6835760959608614,0.6727848406771524
2019_11_CIN_OAK,3566.0,2019,11,4.0,27.0,0.0,0.46798112457824903,0.4861328491975086
2019_11_DEN_MIN,1081.0,2019,11,1.0,7.0,1.0,0.6856932681967025,0.6837268772473264
2019_11_DEN_MIN,2312.0,2019,11,1.0,55.0,1.0,0.7363273123168059,0.7347193210581678
2019_11_DEN_MIN,2840.0,2019,11,1.0,66.0,1.0,0.7267609939339367,0.724938254703506
2019_11_DEN_MIN,4019.0,2019,11,6.0,45.0,1.0,0.4126049971393212,0.4572114825094861
2019_11_DEN_MIN,4180.0,2019,11,6.0,30.0,1.0,0.4071839913765319,0.4515856791448947
2019_11_DEN_MIN,4305.0,2019,11,1.0,15.0,1.0,0.6457985323121503,0.6430297754845832
2019_11_HOU_BAL,530.0,2019,11,2.0,33.0,0.0,0.5919672942221064,0.6276735188106507
2019_11_HOU_BAL,791.0,2019,11,4.0,37.0,0.0,0.5277856133829142,0.5465989949093486
2019_11_HOU_BAL,2067.0,2019,11,1.0,53.0,1.0,0.7283012496854327,0.7266637397833902
2019_11_HOU_BAL,3545.0,2019,11,2.0,29.0,0.0,0.5799435673313286,0.6161103901506776
2019_11_HOU_BAL,4388.0,2019,11,5.0,65.0,0.0,0.47162128925019053,0.4877683259905468
2019_11_JAX_IND,1935.0,2019,11,4.0,39.0,0.0,0.46329186075425033,0.4804147736085117
2019_11_JAX_IND,2430.0,2019,11,1.0,1.0,1.0,0.5834419908827565,0.579424954030799
2019_11_JAX_IND,2702.0,2019,11,4.0,44.0,0.0,0.4842477917226397,0.5026964742826407
2019_11_KC_LAC,4173.0,2019,11,4.0,85.0,1.0,0.48187714976052354,0.4981126002097108
2019_11_NE_PHI,4232.0,2019,11,10.0,26.0,0.0,0.2509458712586459,0.28285916240952774
2019_11_NO_TB,3450.0,2019,11,1.0,47.0,1.0,0.7037245119448613,0.6989793646123834
2019_11_NO_TB,3706.0,2019,11,10.0,67.0,0.0,0.2668382844839555,0.2959183340126344
2019_11_NYJ_WAS,2690.0,2019,11,7.0,31.0,0.0,0.40408437351122306,0.449011043149417
2019_11_NYJ_WAS,3058.0,2019,11,1.0,51.0,1.0,0.72324600916789,0.721466865333044
2019_11_PIT_CLE,1696.0,2019,11,2.0,46.0,0.0,0.5626256767909894,0.5984086219698906
2019_11_PIT_CLE,3536.0,2019,11,1.0,32.0,0.0,0.7051126858863414,0.7000838570447007
2019_11_PIT_CLE,4626.0,2019,11,18.0,72.0,0.0,0.13547589409672814,0.15296691915466587
2019_12_BAL_LA,679.0,2019,12,1.0,23.0,1.0,0.7152118466312786,0.7099839399035094
2019_12_BAL_LA,2873.0,2019,12,4.0,33.0,1.0,0.5502206592712969,0.5689571083051587
2019_12_BAL_LA,3390.0,2019,12,1.0,55.0,1.0,0.7370199885153912,0.7353160240201163
2019_12_BAL_LA,4003.0,2019,12,8.0,68.0,1.0,0.3460097644515809,0.38476678911501366
2019_12_CAR_NO,3676.0,2019,12,2.0,2.0,1.0,0.5020902810410857,0.5422579085961795
2019_12_CAR_NO,3960.0,2019,12,1.0,55.0,0.0,0.7284800206482891,0.7265693769802531
2019_12_DAL_NE,3852.0,2019,12,11.0,75.0,0.0,0.23323630200950607,0.259773253304531
2019_12_DAL_NE,4107.0,2019,12,15.0,15.0,0.0,0.0832467374700981,0.09556595343735744
2019_12_GB_SF,1273.0,2019,12,1.0,28.0,0.0,0.7099802269554746,0.7047294447222309
2019_12_GB_SF,2558.0,2019,12,4.0,48.0,1.0,0.502871827776598,0.521563807081184
2019_12_GB_SF,3389.0,2019,12,8.0,27.0,0.0,0.3401496591014885,0.38405772741578514
2019_12_IND_HOU,2221.0,2019,12,3.0,34.0,0.0,0.5617353468757047,0.5803000514390445
2019_12_IND_HOU,3560.0,2019,12,7.0,47.0,0.0,0.38105016624288,0.4253227360871362
2019_12_IND_HOU,3795.0,2019,12,3.0,35.0,0.0,0.46231229853961153,0.47864044828730806
2019_12_JAX_TEN,2742.0,2019,12,2.0,10.0,1.0,0.46266772784948645,0.4962058452943491
2019_12_JAX_TEN,4163.0,2019,12,4.0,32.0,0.0,0.44583528713833137,0.4634327868758057
2019_12_MIA_CLE,1196.0,2019,12,7.0,58.0,0.0,0.36134461729033396,0.4000615394586189
2019_12_NYG_CHI,3578.0,2019,12,4.0,44.0,0.0,0.4546159427437546,0.47286420414261987
2019_12_NYG_CHI,4098.0,2019,12,18.0,23.0,1.0,0.08481778135638901,0.09837512584211953
2019_12_NYG_CHI,4386.0,2019,12,4.0,88.0,1.0,0.46835784258499985,0.4845990649109582
2019_12_NYG_CHI,4495.0,2019,12,4.0,65.0,0.0,0.44115302808801105,0.457320348782244
2019_12_OAK_NYJ,2474.0,2019,12,1.0,61.0,0.0,0.7182873183855506,0.7163602975419568
2019_12_SEA_PHI,3448.0,2019,12,2.0,23.0,0.0,0.5169769608370476,0.5528301475455537
2019_12_TB_ATL,3465.0,2019,12,4.0,50.0,1.0,0.5096531681750419,0.5286656825697622
2019_12_TB_ATL,4192.0,2019,12,5.0,85.0,0.0,0.48504342634167785,0.5011571321172255
2019_12_TB_ATL,4590.0,2019,12,7.0,21.0,1.0,0.35653838903578583,0.39884097730185364
2019_13_BUF_DAL,946.0,2019,13,1.0,81.0,1.0,0.747444482931182,0.7460381008394917
2019_13_BUF_DAL,1741.0,2019,13,1.0,30.0,1.0,0.7121578915131581,0.707148201391621
2019_13_BUF_DAL,3115.0,2019,13,6.0,6.0,0.0,0.34180883592017014,0.3830748095119126
2019_13_BUF_DAL,3772.0,2019,13,4.0,22.0,0.0,0.4806823889098061,0.49947980207467596
2019_13_BUF_DAL,4194.0,2019,13,1.0,33.0,1.0,0.7114119577302329,0.7067002537426693
2019_13_CHI_DET,1585.0,2019,13,6.0,32.0,0.0,0.42330899862515925,0.46836888912601427
2019_13_CHI_DET,4488.0,2019,13,22.0,39.0,0.0,0.06439107664733947,0.07508247157604278
2019_13_CLE_PIT,2020.0,2019,13,10.0,64.0,0.0,0.26509058065627406,0.29475052329356577
2019_13_CLE_PIT,2577.0,2019,13,1.0,40.0,1.0,0.6775617506309342,0.6720133803556751
2019_13_GB_NYG,592.0,2019,13,5.0,33.0,1.0,0.4693399154244353,0.4893797435887547
2019_13_GB_NYG,1379.0,2019,13,1.0,51.0,1.0,0.7162399926760337,0.714290329817509
2019_13_GB_NYG,1491.0,2019,13,2.0,41.0,1.0,0.5622754024150283,0.5988739643930824
2019_13_GB_NYG,2651.0,2019,13,10.0,35.0,1.0,0.30113597059629416,0.336720675444359
2019_13_GB_NYG,3842.0,2019,13,4.0,17.0,0.0,0.4547745096598422,0.47203800445541594
2019_13_LAC_DEN,3570.0,2019,13,11.0,76.0,1.0,0.2466141140481142,0.2742553942624568
2019_13_LA_ARI,3086.0,2019,13,2.0,49.0,0.0,0.5691723859068988,0.605741463036072
2019_13_LA_ARI,3550.0,2019,13,1.0,19.0,0.0,0.7189656825514499,0.7175323589462504
2019_13_LA_ARI,3663.0,2019,13,2.0,72.0,1.0,0.5759595946060919,0.6120757104953202
2019_13_LA_ARI,4189.0,2019,13,1.0,55.0,1.0,0.6939507001746361,0.6915457387428414
2019_13_LA_ARI,4363.0,2019,13,5.0,28.0,0.0,0.4278269888217425,0.4465961218763472
2019_13_MIN_SEA,3214.0,2019,13,3.0,68.0,1.0,0.555960528999825,0.5717553759611272
2019_13_MIN_SEA,3887.0,2019,13,3.0,58.0,0.0,0.5324096549370488,0.5484654247655246
2019_13_NE_HOU,2438.0,2019,13,1.0,42.0,0.0,0.7118055057385124,0.7071995798554502
2019_13_NE_HOU,3836.0,2019,13,6.0,17.0,1.0,0.4049004103847874,0.44626212032885937
2019_13_NO_ATL,858.0,2019,13,1.0,2.0,0.0,0.6753539801355632,0.6666557089468086
2019_13_NO_ATL,1950.0,2019,13,3.0,49.0,1.0,0.4939912234557846,0.5111971839385624
2019_13_NO_ATL,4074.0,2019,13,14.0,63.0,1.0,0.16986645120591717,0.19092679484506994
2019_13_NO_ATL,4392.0,2019,13,8.0,44.0,0.0,0.3461375921950468,0.3882112293839058
2019_13_NYJ_CIN,3657.0,2019,13,8.0,36.0,0.0,0.3661347509140754,0.41155273892103866
2019_13_NYJ_CIN,4120.0,2019,13,10.0,43.0,0.0,0.28472145088371176,0.31940582311477994
2019_13_OAK_KC,686.0,2019,13,1.0,15.0,0.0,0.7417702977598021,0.7410527529337045
2019_13_OAK_KC,1238.0,2019,13,1.0,40.0,0.0,0.7238047190963521,0.7190847454173197
2019_13_OAK_KC,2849.0,2019,13,1.0,40.0,1.0,0.7177995103613192,0.7131363710380826
2019_13_PHI_MIA,934.0,2019,13,4.0,43.0,1.0,0.48211294921281916,0.5007468610138023
2019_13_PHI_MIA,1734.0,2019,13,1.0,1.0,1.0,0.5661125791598551,0.562196515844215
2019_13_PHI_MIA,3853.0,2019,13,1.0,38.0,1.0,0.6732924895375316,0.667631541934607
2019_13_SF_BAL,202.0,2019,13,2.0,33.0,1.0,0.5713801008266363,0.607447030365658
2019_13_SF_BAL,1472.0,2019,13,2.0,38.0,1.0,0.5943627112163951,0.6294270007593195
2019_13_SF_BAL,3069.0,2019,13,5.0,40.0,0.0,0.4823749116180207,0.5031320092809616
2019_13_SF_BAL,3216.0,2019,13,1.0,35.0,0.0,0.6823388547472014,0.6771644267689616
2019_13_SF_BAL,3306.0,2019,13,1.0,56.0,1.0,0.722422952189507,0.7205926508468808
2019_13_TB_JAX,2640.0,2019,13,1.0,51.0,1.0,0.7132328774650929,0.7111643276721338
2019_13_TB_JAX,3220.0,2019,13,4.0,37.0,0.0,0.5014887325481135,0.5203231985771426
2019_13_TB_JAX,3616.0,2019,13,5.0,19.0,1.0,0.4209253048087566,0.43919516949929166
2019_13_TB_JAX,4091.0,2019,13,21.0,81.0,0.0,0.062214240518371405,0.07126333101321128
2019_13_TB_JAX,4530.0,2019,13,9.0,77.0,0.0,0.29034110575980066,0.32583870815766847
2019_13_TEN_IND,2510.0,2019,13,1.0,13.0,1.0,0.6827392888016031,0.6807193741588135
2019_13_WAS_CAR,3896.0,2019,13,10.0,51.0,1.0,0.2766818907396203,0.3063351331802764
2019_13_WAS_CAR,4418.0,2019,13,3.0,3.0,0.0,0.38502611151075367,0.40203909589118864
2019_14_BAL_BUF,4416.0,2019,14,8.0,16.0,0.0,0.2831583514978976,0.3189512747954495
2019_14_CIN_CLE,2853.0,2019,14,1.0,3.0,1.0,0.6109212006521445,0.5969149267875109
2019_14_CIN_CLE,3573.0,2019,14,4.0,4.0,0.0,0.348812896298785,0.36599647398046176
2019_14_DAL_CHI,3069.0,2019,14,3.0,47.0,1.0,0.53450136951078,0.5529866010873151
2019_14_DAL_CHI,3197.0,2019,14,1.0,2.0,1.0,0.6400362911884698,0.630294534247995
2019_14_DAL_CHI,3793.0,2019,14,4.0,48.0,0.0,0.5023530567072193,0.521509966331368
2019_14_DEN_HOU,1708.0,2019,14,1.0,66.0,0.0,0.7317513919149936,0.7300007062896909
2019_14_DEN_HOU,3451.0,2019,14,18.0,58.0,1.0,0.13105176579987235,0.14796606596433914
2019_14_DEN_HOU,3543.0,2019,14,3.0,32.0,0.0,0.546524918637286,0.5651616281696888
2019_14_DEN_HOU,4033.0,2019,14,1.0,13.0,1.0,0.6712879257474007,0.6691056934527108
2019_14_DET_MIN,4013.0,2019,14,5.0,10.0,1.0,0.3886966470501142,0.4060541487476744
2019_14_DET_MIN,4191.0,2019,14,2.0,44.0,0.0,0.5800118674409998,0.6162363481517671
2019_14_IND_TB,1471.0,2019,14,1.0,11.0,1.0,0.6871393026911004,0.6852421888555799
2019_14_IND_TB,2285.0,2019,14,1.0,3.0,1.0,0.5994311637330145,0.5833367863475509
2019_14_IND_TB,3926.0,2019,14,2.0,16.0,1.0,0.5254591294555443,0.5622000569649053
2019_14_IND_TB,4139.0,2019,14,2.0,50.0,0.0,0.5461765613151376,0.582399113732473
2019_14_KC_NE,1714.0,2019,14,7.0,27.0,0.0,0.3867210233784277,0.4305697048545467
2019_14_KC_NE,2679.0,2019,14,1.0,33.0,1.0,0.7300364732074186,0.7257797029091265
2019_14_KC_NE,4279.0,2019,14,6.0,29.0,1.0,0.4262466801286001,0.4709230636021312
2019_14_KC_NE,4387.0,2019,14,3.0,5.0,0.0,0.4051761796880314,0.421872426991465
2019_14_LAC_JAX,2286.0,2019,14,1.0,61.0,1.0,0.702398976858966,0.7002630701425808
2019_14_LAC_JAX,2412.0,2019,14,3.0,52.0,1.0,0.513809892049637,0.5300270026174503
2019_14_LAC_JAX,3039.0,2019,14,1.0,61.0,0.0,0.6941304046013598,0.6917818973758998
2019_14_LAC_JAX,3718.0,2019,14,3.0,36.0,0.0,0.5037460173012395,0.5218705616543831
2019_14_MIA_NYJ,2848.0,2019,14,1.0,14.0,0.0,0.7090496136770408,0.707378834525315
2019_14_NYG_PHI,385.0,2019,14,1.0,57.0,0.0,0.7052817856956172,0.7029997190865606
2019_14_NYG_PHI,3619.0,2019,14,1.0,71.0,1.0,0.7089508839769848,0.7067574437270798
2019_14_PIT_ARI,2129.0,2019,14,8.0,59.0,1.0,0.3310972922701056,0.3692107999038499
2019_14_PIT_ARI,2993.0,2019,14,2.0,6.0,0.0,0.4817063252553379,0.5174388631221751
2019_14_PIT_ARI,3178.0,2019,14,6.0,60.0,0.0,0.43213609860800284,0.47318738141512734
2019_14_PIT_ARI,3840.0,2019,14,17.0,82.0,0.0,0.1343312361750201,0.15199177108829387
2019_14_SEA_LA,1257.0,2019,14,1.0,24.0,0.0,0.6996055571437034,0.6944756990608643
2019_14_SEA_LA,3842.0,2019,14,18.0,90.0,1.0,0.11029523210716916,0.1250942607071251
2019_14_SF_NO,1483.0,2019,14,1.0,1.0,1.0,0.619909278723658,0.6158369733899413
2019_14_SF_NO,2830.0,2019,14,1.0,41.0,1.0,0.713968950391675,0.7093046839196889
2019_14_SF_NO,3225.0,2019,14,18.0,45.0,0.0,0.10083318179371814,0.11674414310302933
2019_14_SF_NO,4640.0,2019,14,2.0,67.0,1.0,0.5244905783471304,0.5599466756944491
2019_14_TEN_OAK,3568.0,2019,14,1.0,1.0,0.0,0.5467466947506763,0.5429095758357362
2019_14_WAS_GB,1708.0,2019,14,5.0,36.0,1.0,0.5093618139457283,0.529906614959903
2019_14_WAS_GB,2117.0,2019,14,1.0,28.0,1.0,0.7396607915220302,0.7354466564483222
2019_15_ATL_SF,678.0,2019,15,1.0,36.0,1.0,0.7432253342988301,0.7392411591644513
2019_15_BUF_PIT,777.0,2019,15,6.0,36.0,1.0,0.3997759450963748,0.44244175895032195
2019_15_BUF_PIT,3658.0,2019,15,7.0,23.0,0.0,0.3260101368274106,0.3664734501214278
2019_15_CHI_GB,592.0,2019,15,4.0,29.0,1.0,0.4893036722225042,0.5077390985510766
2019_15_CHI_GB,1275.0,2019,15,7.0,41.0,0.0,0.3685209408919471,0.41096149860835496
2019_15_CHI_GB,1419.0,2019,15,6.0,36.0,0.0,0.43068484035042887,0.47499213364977455
2019_15_CHI_GB,1863.0,2019,15,14.0,41.0,0.0,0.17460378425706902,0.1990441944478571
2019_15_CHI_GB,2244.0,2019,15,6.0,34.0,0.0,0.39413090959726327,0.43595484687970376
2019_15_CHI_GB,4020.0,2019,15,10.0,49.0,0.0,0.24852490721572743,0.27995764772938164
2019_15_CLE_ARI,1770.0,2019,15,1.0,26.0,1.0,0.7110715588908784,0.706117013365962
2019_15_CLE_ARI,4076.0,2019,15,6.0,12.0,1.0,0.3610024314808925,0.40016948108543215
2019_15_DEN_KC,1579.0,2019,15,1.0,52.0,1.0,0.7115230299799624,0.7096415664737771
2019_15_DEN_KC,3242.0,2019,15,14.0,42.0,0.0,0.16418973191617545,0.18793096966084522
2019_15_DEN_KC,3606.0,2019,15,10.0,33.0,0.0,0.2699421493161091,0.30344666939835335
2019_15_HOU_TEN,1827.0,2019,15,10.0,37.0,0.0,0.28080356448613897,0.31490337033058735
2019_15_HOU_TEN,2451.0,2019,15,1.0,1.0,1.0,0.5586435600948421,0.5542827482506328
2019_15_IND_NO,2762.0,2019,15,8.0,49.0,0.0,0.3313804048961102,0.3734960411150848
2019_15_IND_NO,3607.0,2019,15,4.0,40.0,1.0,0.46414502223048626,0.4824654114544641
2019_15_JAX_OAK,3018.0,2019,15,1.0,59.0,1.0,0.6957191779710504,0.6933771661829689
2019_15_LA_DAL,1749.0,2019,15,1.0,7.0,1.0,0.7142119488776888,0.7128727688067125
2019_15_LA_DAL,2656.0,2019,15,4.0,66.0,1.0,0.5274587574914371,0.5434605340484048
2019_15_LA_DAL,2903.0,2019,15,10.0,36.0,0.0,0.3207611863753834,0.35796378900136916
2019_15_MIA_NYG,733.0,2019,15,1.0,10.0,0.0,0.6762743491259313,0.6742586459525926
2019_15_MIA_NYG,3671.0,2019,15,12.0,56.0,0.0,0.21159616172731552,0.23646812407493295
2019_15_MIA_NYG,4027.0,2019,15,1.0,31.0,1.0,0.6809723090541601,0.6758615426012018
2019_15_MIN_LAC,2751.0,2019,15,2.0,35.0,1.0,0.5636342887189435,0.6002041660721306
2019_15_MIN_LAC,2877.0,2019,15,14.0,15.0,0.0,0.10505886211191574,0.1200969627004041
2019_15_NE_CIN,1176.0,2019,15,4.0,35.0,0.0,0.52447115046077,0.5430418370211813
2019_15_NE_CIN,1392.0,2019,15,1.0,30.0,0.0,0.6962654449076986,0.6908245142737377
2019_15_NE_CIN,3210.0,2019,15,4.0,43.0,1.0,0.4758987940596926,0.49419880787480247
2019_15_NYJ_BAL,1742.0,2019,15,1.0,7.0,0.0,0.6563645150847379,0.6538497372729268
2019_15_NYJ_BAL,2712.0,2019,15,1.0,71.0,1.0,0.7632018796786796,0.7617885744200698
2019_15_NYJ_BAL,3836.0,2019,15,1.0,41.0,0.0,0.6781924367546578,0.6728861347434827
2019_15_SEA_CAR,3423.0,2019,15,1.0,6.0,1.0,0.6566947073485774,0.6541016814249727
2019_15_TB_DET,3575.0,2019,15,1.0,55.0,1.0,0.7136720140728722,0.7116148207603796
2019_15_TB_DET,4100.0,2019,15,3.0,54.0,0.0,0.5292721655959175,0.5453297386365635
2019_16_ARI_SEA,2024.0,2019,16,2.0,47.0,1.0,0.5663128644465276,0.6019687230716375
2019_16_ARI_SEA,4336.0,2019,16,22.0,65.0,0.0,0.08096158319599092,0.09225995591032851
2019_16_BAL_CLE,419.0,2019,16,3.0,41.0,0.0,0.5730828955962972,0.5905061520291031
2019_16_BUF_NE,1150.0,2019,16,1.0,27.0,1.0,0.7035450000732903,0.6983687050022765
2019_16_BUF_NE,1874.0,2019,16,1.0,41.0,0.0,0.7114736554582053,0.7065037772926469
2019_16_BUF_NE,3775.0,2019,16,1.0,30.0,1.0,0.6699529333961014,0.6639983787153505
2019_16_BUF_NE,3959.0,2019,16,15.0,15.0,0.0,0.09389104636579648,0.10751046574617265
2019_16_CAR_IND,345.0,2019,16,1.0,1.0,1.0,0.6371040272800635,0.6329370217289957
2019_16_CAR_IND,853.0,2019,16,5.0,5.0,0.0,0.36395598571323395,0.38202892418518525
2019_16_CAR_IND,1236.0,2019,16,3.0,39.0,1.0,0.5374901165415593,0.5557805188521898
2019_16_CAR_IND,1978.0,2019,16,1.0,3.0,0.0,0.6621626282962125,0.6503545393436941
2019_16_CAR_IND,2942.0,2019,16,10.0,46.0,1.0,0.29295384567118526,0.3280396974820192
2019_16_CAR_IND,3095.0,2019,16,1.0,12.0,0.0,0.6750284361768402,0.6728931161987539
2019_16_CIN_MIA,2263.0,2019,16,1.0,46.0,1.0,0.6716129466765517,0.6650604167073915
2019_16_CIN_MIA,3039.0,2019,16,3.0,34.0,1.0,0.5457160640131359,0.5644097771861337
2019_16_CIN_MIA,4694.0,2019,16,3.0,3.0,1.0,0.3336784170256762,0.350462777844373
2019_16_DAL_PHI,1247.0,2019,16,1.0,33.0,0.0,0.728875183974387,0.7244708207948938
2019_16_DAL_PHI,3410.0,2019,16,9.0,54.0,1.0,0.3459708818697937,0.38503132661515893
2019_16_DAL_PHI,3962.0,2019,16,8.0,23.0,0.0,0.3093674481902647,0.3481388841804035
2019_16_DET_DEN,2614.0,2019,16,1.0,51.0,1.0,0.7090946405007761,0.7069637672029867
2019_16_DET_DEN,3620.0,2019,16,10.0,73.0,0.0,0.2753142590272369,0.3048629228460605
2019_16_GB_MIN,1734.0,2019,16,4.0,42.0,0.0,0.5284136163521145,0.5479572806679048
2019_16_GB_MIN,3930.0,2019,16,15.0,62.0,0.0,0.17695465827826556,0.19857853557958363
2019_16_HOU_TB,536.0,2019,16,2.0,28.0,0.0,0.5734727766892672,0.6097799335250735
2019_16_HOU_TB,2605.0,2019,16,1.0,26.0,1.0,0.7105850419089593,0.705690647963439
2019_16_HOU_TB,3963.0,2019,16,3.0,40.0,0.0,0.5211351014615995,0.5397033730167033
2019_16_JAX_ATL,1177.0,2019,16,4.0,62.0,1.0,0.4907992562410643,0.5070252770221277
2019_16_JAX_ATL,3661.0,2019,16,10.0,48.0,1.0,0.27319069522112865,0.3070827672986143
2019_16_JAX_ATL,3758.0,2019,16,4.0,28.0,1.0,0.4829607519305866,0.50170199911941
2019_16_JAX_ATL,3845.0,2019,16,7.0,7.0,0.0,0.30545216944759956,0.3449948650755791
2019_16_KC_CHI,2623.0,2019,16,4.0,4.0,0.0,0.36371436734695733,0.3811855839095368
2019_16_KC_CHI,3526.0,2019,16,23.0,54.0,0.0,0.056312138875099074,0.06444080036439637
2019_16_KC_CHI,4087.0,2019,16,8.0,36.0,0.0,0.27461189390912133,0.3079827763559868
2019_16_NO_TEN,4003.0,2019,16,7.0,38.0,0.0,0.4115469446762673,0.4577313563687325
2019_16_NO_TEN,4447.0,2019,16,10.0,41.0,0.0,0.27237824466102567,0.30608502041828173
2019_16_OAK_LAC,1857.0,2019,16,2.0,42.0,1.0,0.5754700055308782,0.6115126289360379
2019_16_OAK_LAC,2611.0,2019,16,2.0,46.0,1.0,0.5795996043018808,0.6158548481677071
2019_16_PIT_NYJ,465.0,2019,16,1.0,31.0,1.0,0.7084963219507346,0.7032680056995344
2019_16_PIT_NYJ,3966.0,2019,16,7.0,44.0,0.0,0.35681879560512236,0.3982254828733666
2019_17_ARI_LA,547.0,2019,17,7.0,83.0,0.0,0.42766788580112813,0.4693617328472957
2019_17_ATL_TB,889.0,2019,17,1.0,32.0,0.0,0.702821172825747,0.6978970303937843
2019_17_ATL_TB,1149.0,2019,17,2.0,2.0,1.0,0.5067665896591712,0.547878465516629
2019_17_ATL_TB,3283.0,2019,17,1.0,19.0,0.0,0.6743666939169332,0.6721460436048777
2019_17_ATL_TB,3991.0,2019,17,4.0,63.0,1.0,0.4576997416350967,0.4739116087892273
2019_17_CHI_MIN,2325.0,2019,17,1.0,58.0,0.0,0.6912356862580787,0.6887338764668964
2019_17_CHI_MIN,3382.0,2019,17,9.0,51.0,1.0,0.28089585639946457,0.31593945217388597
2019_17_CLE_CIN,3247.0,2019,17,20.0,20.0,1.0,0.06520800929380048,0.07498638768557479
2019_17_GB_DET,710.0,2019,17,1.0,31.0,1.0,0.7237445161360276,0.7189277188562454
2019_17_GB_DET,1732.0,2019,17,1.0,1.0,1.0,0.5929725543349542,0.5895700228111288
2019_17_GB_DET,3892.0,2019,17,1.0,31.0,1.0,0.7149984551139205,0.7100587933047743
2019_17_IND_JAX,3664.0,2019,17,10.0,80.0,0.0,0.30263174926716296,0.3334200245013218
2019_17_LAC_KC,2187.0,2019,17,1.0,77.0,1.0,0.70464472140434,0.7025130577514436
2019_17_LAC_KC,2682.0,2019,17,1.0,5.0,0.0,0.6351306002757409,0.6222615658779903
2019_17_LAC_KC,2992.0,2019,17,1.0,77.0,1.0,0.703275233631738,0.7011088296341588
2019_17_LAC_KC,3786.0,2019,17,17.0,68.0,0.0,0.11142758077347413,0.12651702467001247
2019_17_MIA_NE,189.0,2019,17,3.0,45.0,0.0,0.5136075820825001,0.5307350242536613
2019_17_NO_CAR,3699.0,2019,17,2.0,27.0,0.0,0.5366714197012403,0.5731762954311497
2019_17_NO_CAR,3978.0,2019,17,2.0,46.0,1.0,0.5363700633463818,0.5726947275588634
2019_17_OAK_DEN,1425.0,2019,17,1.0,1.0,0.0,0.6027621232301943,0.5974847080997723
2019_17_OAK_DEN,3924.0,2019,17,4.0,73.0,0.0,0.5218835486849306,0.5379938782595262
2019_17_OAK_DEN,4205.0,2019,17,2.0,45.0,1.0,0.5376324882271719,0.5729192799372795
2019_17_PHI_NYG,314.0,2019,17,7.0,38.0,0.0,0.41355610967474427,0.4592724658936472
2019_17_PHI_NYG,1793.0,2019,17,1.0,26.0,1.0,0.7041244013019441,0.6994612629805866
2019_17_PHI_NYG,2549.0,2019,17,1.0,37.0,1.0,0.7021916237738149,0.697236865533429
2019_17_PHI_NYG,2894.0,2019,17,4.0,38.0,0.0,0.48996598024418064,0.5083812898393317
2019_17_PHI_NYG,3864.0,2019,17,2.0,61.0,0.0,0.5646703893088131,0.600016835511216
2019_17_PHI_NYG,4661.0,2019,17,7.0,13.0,1.0,0.25237348289100525,0.28206706475787063
2019_17_PIT_BAL,3123.0,2019,17,1.0,89.0,1.0,0.7187498812087068,0.7167070347624549
2019_17_PIT_BAL,3380.0,2019,17,10.0,81.0,0.0,0.25009145343574646,0.277971707365825
2019_17_PIT_BAL,3786.0,2019,17,6.0,45.0,0.0,0.42427226886749525,0.4664600206647648
2019_17_SF_SEA,1792.0,2019,17,1.0,31.0,0.0,0.6940024122680193,0.6886428726017151
2019_17_SF_SEA,3877.0,2019,17,10.0,12.0,1.0,0.192149448670073,0.21672475073724567
2019_17_SF_SEA,3999.0,2019,17,5.0,5.0,0.0,0.2580919943261561,0.2721538575386595
2019_17_TEN_HOU,354.0,2019,17,1.0,2.0,1.0,0.6889309845594598,0.6811722798519487
2019_17_TEN_HOU,2418.0,2019,17,2.0,42.0,1.0,0.5805723480043399,0.6168638940576753
2019_17_TEN_HOU,3444.0,2019,17,7.0,30.0,0.0,0.390601392879715,0.4355955590393522
2019_17_TEN_HOU,3809.0,2019,17,7.0,31.0,0.0,0.37751512700437767,0.42132514214887196
2019_17_WAS_DAL,317.0,2019,17,1.0,27.0,1.0,0.753093970513596,0.7491968623501665
2019_17_WAS_DAL,1049.0,2019,17,4.0,18.0,0.0,0.456892642892479,0.4743986797804951
2019_17_WAS_DAL,1684.0,2019,17,5.0,39.0,0.0,0.4343748827183137,0.4538950138339248
2019_17_WAS_DAL,3562.0,2019,17,2.0,51.0,0.0,0.5488122185214174,0.5849781808672709
