run_at_utc,game_id,kickoff_utc,model_version,p_home_model,spread_model,p_home_elo,spread_elo,p_home_market,spread_market,home_qb_id,away_qb_id,qb_source,data_hash
2026-10-04T18:55:55Z,2026_04_MIA_MIN,2026-10-04T20:05:00Z,A4s-2026-c6b394e8,0.7606,,0.8075,10.0,0.8082,10.0,00-0035228,00-0038128,nflverse,d8777dcd07fb6eed
2026-10-04T18:55:55Z,2026_04_DEN_SF,2026-10-04T20:25:00Z,A4s-2026-c6b394e8,0.6238,,0.5703,2.0,0.5934,3.0,00-0037834,00-0039732,nflverse,d8777dcd07fb6eed
2026-10-04T18:55:55Z,2026_04_KC_LV,2026-10-04T20:25:00Z,A4s-2026-c6b394e8,0.4423,,0.4292,-2.0,0.3364,-4.5,00-0029604,00-0033873,nflverse,d8777dcd07fb6eed
2026-10-04T18:55:55Z,2026_04_LAC_SEA,2026-10-04T20:25:00Z,A4s-2026-c6b394e8,0.7923,,0.78,8.8,0.7508,7.0,00-0035704,00-0036355,nflverse,d8777dcd07fb6eed
2026-10-04T18:55:55Z,2026_04_DET_CAR,2026-10-05T00:20:00Z,A4s-2026-c6b394e8,0.4236,,0.4168,-2.3,0.3631,-3.5,00-0039150,00-0033106,nflverse,d8777dcd07fb6eed
2026-10-04T18:55:55Z,2026_04_ATL_NO,2026-10-06T00:15:00Z,A4s-2026-c6b394e8,0.5235,,0.5333,0.9,0.5427,1.5,00-0040743,00-0039917,nflverse,d8777dcd07fb6eed
2026-10-04T18:55:55Z,2026_05_TB_DAL,2026-10-09T00:15:00Z,A4s-2026-c6b394e8,0.5898,,0.5911,2.6,,,00-0033077,00-0041251,nflverse,d8777dcd07fb6eed
2026-10-04T18:55:55Z,2026_05_PHI_JAX,2026-10-11T13:30:00Z,A4s-2026-c6b394e8,0.6612,,0.6465,4.2,,,00-0036971,00-0036389,nflverse,d8777dcd07fb6eed
2026-10-04T18:55:55Z,2026_05_CHI_GB,2026-10-11T17:00:00Z,A4s-2026-c6b394e8,0.4768,,0.4254,-2.1,,,00-0036264,00-0028986,nflverse,d8777dcd07fb6eed
2026-10-04T18:55:55Z,2026_05_CIN_MIA,2026-10-11T17:00:00Z,A4s-2026-c6b394e8,0.3523,,0.3736,-3.6,,,00-0038128,00-0036442,nflverse,d8777dcd07fb6eed
2026-10-04T18:55:55Z,2026_05_CLE_NYJ,2026-10-11T17:00:00Z,A4s-2026-c6b394e8,0.4252,,0.4373,-1.8,,,00-0030565,00-0033537,nflverse,d8777dcd07fb6eed
2026-10-04T18:55:55Z,2026_05_HOU_TEN,2026-10-11T17:00:00Z,A4s-2026-c6b394e8,0.2713,,0.2928,-6.1,,,00-0040676,00-0039163,nflverse,d8777dcd07fb6eed
2026-10-04T18:55:55Z,2026_05_IND_PIT,2026-10-11T17:00:00Z,A4s-2026-c6b394e8,0.5815,,0.6048,3.0,,,00-0023459,00-0035710,nflverse,d8777dcd07fb6eed
2026-10-04T18:55:55Z,2026_05_LV_NE,2026-10-11T17:00:00Z,A4s-2026-c6b394e8,0.6311,,0.6681,4.9,,,00-0039851,00-0029604,nflverse,d8777dcd07fb6eed
2026-10-04T18:55:55Z,2026_05_MIN_NO,2026-10-11T17:00:00Z,A4s-2026-c6b394e8,0.3799,,0.333,-4.8,,,00-0040743,00-0035228,nflverse,d8777dcd07fb6eed
2026-10-04T18:55:55Z,2026_05_NYG_WAS,2026-10-11T17:00:00Z,A4s-2026-c6b394e8,0.6539,,0.5075,0.2,,,00-0039910,00-0031503,nflverse,d8777dcd07fb6eed
2026-10-04T18:55:55Z,2026_05_DEN_LAC,2026-10-11T20:05:00Z,A4s-2026-c6b394e8,0.3481,,0.3482,-4.4,,,00-0036355,00-0039732,nflverse,d8777dcd07fb6eed
2026-10-04T18:55:55Z,2026_05_DET_ARI,2026-10-11T20:25:00Z,A4s-2026-c6b394e8,0.4061,,0.3739,-3.6,,,00-0033119,00-0033106,nflverse,d8777dcd07fb6eed
2026-10-04T18:55:55Z,2026_05_SF_SEA,2026-10-11T20:25:00Z,A4s-2026-c6b394e8,0.5506,,0.588,2.5,,,00-0035704,00-0037834,nflverse,d8777dcd07fb6eed
2026-10-04T18:55:55Z,2026_05_BAL_ATL,2026-10-12T00:20:00Z,A4s-2026-c6b394e8,0.4227,,0.4415,-1.6,,,00-0039917,00-0034796,nflverse,d8777dcd07fb6eed
2026-10-04T18:55:55Z,2026_05_BUF_LA,2026-10-13T00:15:00Z,A4s-2026-c6b394e8,0.4673,,0.448,-1.4,,,00-0026498,00-0034857,nflverse,d8777dcd07fb6eed
2026-10-04T18:55:55Z,2026_06_SEA_DEN,2026-10-16T00:15:00Z,A4s-2026-c6b394e8,0.4597,,0.5035,0.1,,,00-0039732,00-0035704,last_starter,d8777dcd07fb6eed
2026-10-04T18:55:55Z,2026_06_HOU_JAX,2026-10-18T13:30:00Z,A4s-2026-c6b394e8,0.6164,,0.6142,3.2,,,00-0036971,00-0039163,last_starter,d8777dcd07fb6eed
2026-10-04T18:55:55Z,2026_06_BAL_CLE,2026-10-18T17:00:00Z,A4s-2026-c6b394e8,0.4582,,0.4493,-1.4,,,00-0033537,00-0034796,last_starter,d8777dcd07fb6eed
2026-10-04T18:55:55Z,2026_06_CAR_PHI,2026-10-18T17:00:00Z,A4s-2026-c6b394e8,0.6466,,0.6687,4.9,,,00-0036389,00-0039150,last_starter,d8777dcd07fb6eed
2026-10-04T18:55:55Z,2026_06_CHI_ATL,2026-10-18T17:00:00Z,A4s-2026-c6b394e8,0.4767,,0.4116,-2.5,,,00-0039917,00-0028986,last_starter,d8777dcd07fb6eed
2026-10-04T18:55:55Z,2026_06_NO_NYG,2026-10-18T17:00:00Z,A4s-2026-c6b394e8,0.4041,,0.5528,1.5,,,00-0031503,00-0040743,last_starter,d8777dcd07fb6eed
2026-10-04T18:55:55Z,2026_06_NYJ_NE,2026-10-18T17:00:00Z,A4s-2026-c6b394e8,0.7284,,0.7603,8.0,,,00-0039851,00-0030565,last_starter,d8777dcd07fb6eed
2026-10-04T18:55:55Z,2026_06_PIT_TB,2026-10-18T17:00:00Z,A4s-2026-c6b394e8,0.4317,,0.4327,-1.9,,,00-0041251,00-0023459,last_starter,d8777dcd07fb6eed
2026-10-04T18:55:55Z,2026_06_TEN_IND,2026-10-18T17:00:00Z,A4s-2026-c6b394e8,0.7396,,0.7457,7.5,,,00-0035710,00-0040676,last_starter,d8777dcd07fb6eed
2026-10-04T18:55:55Z,2026_06_ARI_LA,2026-10-18T20:05:00Z,A4s-2026-c6b394e8,0.7246,,0.7359,7.1,,,00-0026498,00-0033119,last_starter,d8777dcd07fb6eed
2026-10-04T18:55:55Z,2026_06_BUF_LV,2026-10-18T20:25:00Z,A4s-2026-c6b394e8,0.3544,,0.3226,-5.2,,,00-0029604,00-0034857,last_starter,d8777dcd07fb6eed
2026-10-04T18:55:55Z,2026_06_LAC_KC,2026-10-18T20:25:00Z,A4s-2026-c6b394e8,0.7005,,0.6927,5.6,,,00-0033873,00-0036355,last_starter,d8777dcd07fb6eed
2026-10-04T18:55:55Z,2026_06_DAL_GB,2026-10-19T00:20:00Z,A4s-2026-c6b394e8,0.5778,,0.5784,2.2,,,00-0036264,00-0033077,last_starter,d8777dcd07fb6eed
2026-10-04T18:55:55Z,2026_06_WAS_SF,2026-10-20T00:15:00Z,A4s-2026-c6b394e8,0.834,,0.7906,9.2,,,00-0037834,00-0032268,last_starter,d8777dcd07fb6eed
2026-10-04T18:55:55Z,2026_07_NE_CHI,2026-10-23T00:15:00Z,A4s-2026-c6b394e8,0.4987,,0.573,2.0,,,00-0028986,00-0039851,last_starter,d8777dcd07fb6eed
2026-10-04T18:55:55Z,2026_07_PIT_NO,2026-10-25T13:30:00Z,A4s-2026-c6b394e8,0.4444,,0.4062,-2.6,,,00-0040743,00-0023459,last_starter,d8777dcd07fb6eed
2026-10-04T18:55:55Z,2026_07_CIN_BAL,2026-10-25T17:00:00Z,A4s-2026-c6b394e8,0.5679,,0.5803,2.3,,,00-0034796,00-0036442,last_starter,d8777dcd07fb6eed
2026-10-04T18:55:55Z,2026_07_CLE_TEN,2026-10-25T17:00:00Z,A4s-2026-c6b394e8,0.3053,,0.3578,-4.1,,,00-0040676,00-0033537,last_starter,d8777dcd07fb6eed
2026-10-04T18:55:55Z,2026_07_IND_MIN,2026-10-25T17:00:00Z,A4s-2026-c6b394e8,0.6832,,0.7228,6.7,,,00-0035228,00-0035710,last_starter,d8777dcd07fb6eed
2026-10-04T18:55:55Z,2026_07_MIA_NYJ,2026-10-25T17:00:00Z,A4s-2026-c6b394e8,0.5575,,0.5419,1.2,,,00-0030565,00-0038128,last_starter,d8777dcd07fb6eed
2026-10-04T18:55:55Z,2026_07_NYG_HOU,2026-10-25T17:00:00Z,A4s-2026-c6b394e8,0.7595,,0.6538,4.4,,,00-0039163,00-0031503,last_starter,d8777dcd07fb6eed
2026-10-04T18:55:55Z,2026_07_SF_ATL,2026-10-25T17:00:00Z,A4s-2026-c6b394e8,0.3085,,0.3507,-4.3,,,00-0039917,00-0037834,last_starter,d8777dcd07fb6eed
2026-10-04T18:55:55Z,2026_07_TB_CAR,2026-10-25T17:00:00Z,A4s-2026-c6b394e8,0.5894,,0.5825,2.3,,,00-0039150,00-0041251,last_starter,d8777dcd07fb6eed
2026-10-04T18:55:55Z,2026_07_DEN_ARI,2026-10-25T20:05:00Z,A4s-2026-c6b394e8,0.3341,,0.3083,-5.6,,,00-0033119,00-0039732,last_starter,d8777dcd07fb6eed
2026-10-04T18:55:55Z,2026_07_GB_DET,2026-10-25T20:25:00Z,A4s-2026-c6b394e8,0.6315,,0.6541,4.4,,,00-0033106,00-0036264,last_starter,d8777dcd07fb6eed
2026-10-04T18:55:55Z,2026_07_LA_LV,2026-10-25T20:25:00Z,A4s-2026-c6b394e8,0.4289,,0.4217,-2.2,,,00-0029604,00-0026498,last_starter,d8777dcd07fb6eed
2026-10-04T18:55:55Z,2026_07_KC_SEA,2026-10-26T00:20:00Z,A4s-2026-c6b394e8,0.6614,,0.6615,4.7,,,00-0035704,00-0033873,last_starter,d8777dcd07fb6eed
2026-10-04T18:55:55Z,2026_07_DAL_PHI,2026-10-27T00:15:00Z,A4s-2026-c6b394e8,0.6462,,0.6608,4.6,,,00-0036389,00-0033077,last_starter,d8777dcd07fb6eed
2026-10-04T18:55:55Z,2026_08_CAR_GB,2026-10-30T00:15:00Z,A4s-2026-c6b394e8,0.5782,,0.587,2.4,,,00-0036264,00-0039150,last_starter,d8777dcd07fb6eed
2026-10-04T18:55:55Z,2026_08_ARI_DAL,2026-11-01T18:00:00Z,A4s-2026-c6b394e8,0.5642,,0.6065,3.0,,,00-0033077,00-0033119,last_starter,d8777dcd07fb6eed
2026-10-04T18:55:55Z,2026_08_ATL_TB,2026-11-01T18:00:00Z,A4s-2026-c6b394e8,0.468,,0.5061,0.2,,,00-0041251,00-0039917,last_starter,d8777dcd07fb6eed
2026-10-04T18:55:55Z,2026_08_BAL_BUF,2026-11-01T18:00:00Z,A4s-2026-c6b394e8,0.6413,,0.6772,5.1,,,00-0034857,00-0034796,last_starter,d8777dcd07fb6eed
2026-10-04T18:55:55Z,2026_08_CLE_PIT,2026-11-01T18:00:00Z,A4s-2026-c6b394e8,0.5462,,0.6181,3.3,,,00-0023459,00-0033537,last_starter,d8777dcd07fb6eed
2026-10-04T18:55:55Z,2026_08_IND_JAX,2026-11-01T18:00:00Z,A4s-2026-c6b394e8,0.7226,,0.7158,6.4,,,00-0036971,00-0035710,last_starter,d8777dcd07fb6eed
2026-10-04T18:55:55Z,2026_08_LV_NYJ,2026-11-01T18:00:00Z,A4s-2026-c6b394e8,0.4336,,0.441,-1.6,,,00-0030565,00-0029604,last_starter,d8777dcd07fb6eed
2026-10-04T18:55:55Z,2026_08_MIN_DET,2026-11-01T18:00:00Z,A4s-2026-c6b394e8,0.4882,,0.4665,-0.9,,,00-0033106,00-0035228,last_starter,d8777dcd07fb6eed
2026-10-04T18:55:55Z,2026_08_TEN_CIN,2026-11-01T18:00:00Z,A4s-2026-c6b394e8,0.8096,,0.7916,9.3,,,00-0036442,00-0040676,last_starter,d8777dcd07fb6eed
2026-10-04T18:55:55Z,2026_08_LAC_LA,2026-11-01T21:05:00Z,A4s-2026-c6b394e8,0.7121,,0.6992,5.9,,,00-0026498,00-0036355,last_starter,d8777dcd07fb6eed
2026-10-04T18:55:55Z,2026_08_KC_DEN,2026-11-01T21:25:00Z,A4s-2026-c6b394e8,0.5807,,0.6146,3.2,,,00-0039732,00-0033873,last_starter,d8777dcd07fb6eed
2026-10-04T18:55:55Z,2026_08_NE_MIA,2026-11-01T21:25:00Z,A4s-2026-c6b394e8,0.3386,,0.3386,-4.7,,,00-0038128,00-0039851,last_starter,d8777dcd07fb6eed
2026-10-04T18:55:55Z,2026_08_PHI_WAS,2026-11-02T01:20:00Z,A4s-2026-c6b394e8,0.3662,,0.3853,-3.2,,,00-0032268,00-0036389,last_starter,d8777dcd07fb6eed
2026-10-04T18:55:55Z,2026_08_CHI_SEA,2026-11-03T01:15:00Z,A4s-2026-c6b394e8,0.7143,,0.6489,4.3,,,00-0035704,00-0028986,last_starter,d8777dcd07fb6eed
2026-10-04T18:55:55Z,2026_09_JAX_BAL,2026-11-06T01:15:00Z,A4s-2026-c6b394e8,0.4755,,0.4692,-0.9,,,00-0034796,00-0036971,last_starter,d8777dcd07fb6eed
2026-10-04T18:55:55Z,2026_09_CIN_ATL,2026-11-08T14:30:00Z,A4s-2026-c6b394e8,0.4027,,0.4143,-2.4,,,00-0039917,00-0036442,last_starter,d8777dcd07fb6eed
2026-10-04T18:55:55Z,2026_09_CLE_NO,2026-11-08T18:00:00Z,A4s-2026-c6b394e8,0.4881,,0.5254,0.7,,,00-0040743,00-0033537,last_starter,d8777dcd07fb6eed
2026-10-04T18:55:55Z,2026_09_DAL_IND,2026-11-08T18:00:00Z,A4s-2026-c6b394e8,0.5778,,0.5859,2.4,,,00-0035710,00-0033077,last_starter,d8777dcd07fb6eed
2026-10-04T18:55:55Z,2026_09_DEN_CAR,2026-11-08T18:00:00Z,A4s-2026-c6b394e8,0.3508,,0.3479,-4.4,,,00-0039150,00-0039732,last_starter,d8777dcd07fb6eed
2026-10-04T18:55:55Z,2026_09_DET_MIA,2026-11-08T18:00:00Z,A4s-2026-c6b394e8,0.3631,,0.3437,-4.5,,,00-0038128,00-0033106,last_starter,d8777dcd07fb6eed
2026-10-04T18:55:55Z,2026_09_LA_WAS,2026-11-08T18:00:00Z,A4s-2026-c6b394e8,0.302,,0.3522,-4.2,,,00-0032268,00-0026498,last_starter,d8777dcd07fb6eed
2026-10-04T18:55:55Z,2026_09_NYG_PHI,2026-11-08T18:00:00Z,A4s-2026-c6b394e8,0.7556,,0.6714,5.0,,,00-0036389,00-0031503,last_starter,d8777dcd07fb6eed
2026-10-04T18:55:55Z,2026_09_NYJ_KC,2026-11-08T18:00:00Z,A4s-2026-c6b394e8,0.7399,,0.7641,8.2,,,00-0033873,00-0030565,last_starter,d8777dcd07fb6eed
2026-10-04T18:55:55Z,2026_09_HOU_LAC,2026-11-08T21:05:00Z,A4s-2026-c6b394e8,0.4326,,0.4534,-1.3,,,00-0036355,00-0039163,last_starter,d8777dcd07fb6eed
2026-10-04T18:55:55Z,2026_09_LV_SF,2026-11-08T21:05:00Z,A4s-2026-c6b394e8,0.7432,,0.7379,7.2,,,00-0037834,00-0029604,last_starter,d8777dcd07fb6eed
2026-10-04T18:55:55Z,2026_09_ARI_SEA,2026-11-08T21:25:00Z,A4s-2026-c6b394e8,0.802,,0.8095,10.1,,,00-0035704,00-0033119,last_starter,d8777dcd07fb6eed
2026-10-04T18:55:55Z,2026_09_GB_NE,2026-11-08T21:25:00Z,A4s-2026-c6b394e8,0.6562,,0.6592,4.6,,,00-0039851,00-0036264,last_starter,d8777dcd07fb6eed
2026-10-04T18:55:55Z,2026_09_TB_CHI,2026-11-09T01:20:00Z,A4s-2026-c6b394e8,0.6835,,0.7282,6.8,,,00-0028986,00-0041251,last_starter,d8777dcd07fb6eed
2026-10-04T18:55:55Z,2026_09_BUF_MIN,2026-11-10T01:15:00Z,A4s-2026-c6b394e8,0.4692,,0.5174,0.5,,,00-0035228,00-0034857,last_starter,d8777dcd07fb6eed
2026-10-04T18:55:55Z,2026_10_WAS_NYG,2026-11-13T01:15:00Z,A4s-2026-c6b394e8,0.4919,,0.5999,2.8,,,00-0031503,00-0032268,last_starter,d8777dcd07fb6eed
2026-10-04T18:55:55Z,2026_10_NE_DET,2026-11-15T14:30:00Z,A4s-2026-c6b394e8,0.4755,,0.4944,-0.2,,,00-0033106,00-0039851,last_starter,d8777dcd07fb6eed
2026-10-04T18:55:55Z,2026_10_BUF_NYJ,2026-11-15T18:00:00Z,A4s-2026-c6b394e8,0.2593,,0.232,-8.3,,,00-0030565,00-0034857,last_starter,d8777dcd07fb6eed
2026-10-04T18:55:55Z,2026_10_CAR_NO,2026-11-15T18:00:00Z,A4s-2026-c6b394e8,0.557,,0.5525,1.5,,,00-0040743,00-0039150,last_starter,d8777dcd07fb6eed
2026-10-04T18:55:55Z,2026_10_HOU_CLE,2026-11-15T18:00:00Z,A4s-2026-c6b394e8,0.5042,,0.4802,-0.6,,,00-0033537,00-0039163,last_starter,d8777dcd07fb6eed
2026-10-04T18:55:55Z,2026_10_JAX_TEN,2026-11-15T18:00:00Z,A4s-2026-c6b394e8,0.1895,,0.2064,-9.4,,,00-0040676,00-0036971,last_starter,d8777dcd07fb6eed
2026-10-04T18:55:55Z,2026_10_KC_ATL,2026-11-15T18:00:00Z,A4s-2026-c6b394e8,0.4157,,0.4252,-2.1,,,00-0039917,00-0033873,last_starter,d8777dcd07fb6eed
2026-10-04T18:55:55Z,2026_10_MIA_IND,2026-11-15T18:00:00Z,A4s-2026-c6b394e8,0.639,,0.6668,4.8,,,00-0035710,00-0038128,last_starter,d8777dcd07fb6eed
2026-10-04T18:55:55Z,2026_10_MIN_GB,2026-11-15T18:00:00Z,A4s-2026-c6b394e8,0.4005,,0.365,-3.8,,,00-0036264,00-0035228,last_starter,d8777dcd07fb6eed
2026-10-04T18:55:55Z,2026_10_LA_ARI,2026-11-15T21:05:00Z,A4s-2026-c6b394e8,0.3538,,0.3568,-4.1,,,00-0033119,00-0026498,last_starter,d8777dcd07fb6eed
2026-10-04T18:55:55Z,2026_10_SEA_LV,2026-11-15T21:05:00Z,A4s-2026-c6b394e8,0.3279,,0.3235,-5.1,,,00-0029604,00-0035704,last_starter,d8777dcd07fb6eed
2026-10-04T18:55:55Z,2026_10_SF_DAL,2026-11-15T21:25:00Z,A4s-2026-c6b394e8,0.2814,,0.3411,-4.6,,,00-0033077,00-0037834,last_starter,d8777dcd07fb6eed
2026-10-04T18:55:55Z,2026_10_PIT_CIN,2026-11-16T01:20:00Z,A4s-2026-c6b394e8,0.6082,,0.5667,1.9,,,00-0036442,00-0023459,last_starter,d8777dcd07fb6eed
2026-10-04T18:55:55Z,2026_10_LAC_BAL,2026-11-17T01:15:00Z,A4s-2026-c6b394e8,0.6945,,0.6784,5.2,,,00-0034796,00-0036355,last_starter,d8777dcd07fb6eed
2026-10-04T18:55:55Z,2026_11_IND_HOU,2026-11-20T01:15:00Z,A4s-2026-c6b394e8,0.6206,,0.6127,3.2,,,00-0039163,00-0035710,last_starter,d8777dcd07fb6eed
2026-10-04T18:55:55Z,2026_11_ARI_KC,2026-11-22T18:00:00Z,A4s-2026-c6b394e8,0.7134,,0.7299,6.9,,,00-0033873,00-0033119,last_starter,d8777dcd07fb6eed
2026-10-04T18:55:55Z,2026_11_BAL_CAR,2026-11-22T18:00:00Z,A4s-2026-c6b394e8,0.3908,,0.4225,-2.2,,,00-0039150,00-0034796,last_starter,d8777dcd07fb6eed
2026-10-04T18:55:55Z,2026_11_JAX_NYG,2026-11-22T18:00:00Z,A4s-2026-c6b394e8,0.2228,,0.3395,-4.6,,,00-0031503,00-0036971,last_starter,d8777dcd07fb6eed
2026-10-04T18:55:55Z,2026_11_MIA_BUF,2026-11-22T18:00:00Z,A4s-2026-c6b394e8,0.812,,0.8295,11.0,,,00-0034857,00-0038128,last_starter,d8777dcd07fb6eed
2026-10-04T18:55:55Z,2026_11_NO_CHI,2026-11-22T18:00:00Z,A4s-2026-c6b394e8,0.633,,0.7062,6.1,,,00-0028986,00-0040743,last_starter,d8777dcd07fb6eed
2026-10-04T18:55:55Z,2026_11_TB_DET,2026-11-22T18:00:00Z,A4s-2026-c6b394e8,0.7007,,0.7082,6.2,,,00-0033106,00-0041251,last_starter,d8777dcd07fb6eed
2026-10-04T18:55:55Z,2026_11_TEN_DAL,2026-11-22T18:00:00Z,A4s-2026-c6b394e8,0.7136,,0.7204,6.6,,,00-0033077,00-0040676,last_starter,d8777dcd07fb6eed
2026-10-04T18:55:55Z,2026_11_NYJ_LAC,2026-11-22T21:05:00Z,A4s-2026-c6b394e8,0.5935,,0.641,4.0,,,00-0036355,00-0030565,last_starter,d8777dcd07fb6eed
2026-10-04T18:55:55Z,2026_11_LV_DEN,2026-11-22T21:25:00Z,A4s-2026-c6b394e8,0.6767,,0.725,6.7,,,00-0039732,00-0029604,last_starter,d8777dcd07fb6eed
2026-10-04T18:55:55Z,2026_11_PIT_PHI,2026-11-22T21:25:00Z,A4s-2026-c6b394e8,0.5806,,0.5817,2.3,,,00-0036389,00-0023459,last_starter,d8777dcd07fb6eed
2026-10-04T18:55:55Z,2026_11_MIN_SF,2026-11-23T01:20:00Z,A4s-2026-c6b394e8,0.6017,,0.5015,0.0,,,00-0037834,00-0035228,last_starter,d8777dcd07fb6eed
2026-10-04T18:55:55Z,2026_11_CIN_WAS,2026-11-24T01:15:00Z,A4s-2026-c6b394e8,0.3401,,0.3999,-2.8,,,00-0032268,00-0036442,last_starter,d8777dcd07fb6eed
2026-10-04T18:55:55Z,2026_12_GB_LA,2026-11-26T01:00:00Z,A4s-2026-c6b394e8,0.6815,,0.6706,4.9,,,00-0026498,00-0036264,last_starter,d8777dcd07fb6eed
2026-10-04T18:55:55Z,2026_12_CHI_DET,2026-11-26T18:00:00Z,A4s-2026-c6b394e8,0.5655,,0.5296,0.8,,,00-0033106,00-0028986,last_starter,d8777dcd07fb6eed
2026-10-04T18:55:55Z,2026_12_PHI_DAL,2026-11-26T21:30:00Z,A4s-2026-c6b394e8,0.441,,0.4423,-1.6,,,00-0033077,00-0036389,last_starter,d8777dcd07fb6eed
2026-10-04T18:55:55Z,2026_12_KC_BUF,2026-11-27T01:20:00Z,A4s-2026-c6b394e8,0.6346,,0.6625,4.7,,,00-0034857,00-0033873,last_starter,d8777dcd07fb6eed
2026-10-04T18:55:55Z,2026_12_DEN_PIT,2026-11-27T20:00:00Z,A4s-2026-c6b394e8,0.4166,,0.4365,-1.8,,,00-0023459,00-0039732,last_starter,d8777dcd07fb6eed
2026-10-04T18:55:55Z,2026_12_ATL_MIN,2026-11-29T18:00:00Z,A4s-2026-c6b394e8,0.6834,,0.7399,7.3,,,00-0035228,00-0039917,last_starter,d8777dcd07fb6eed
2026-10-04T18:55:55Z,2026_12_BAL_HOU,2026-11-29T18:00:00Z,A4s-2026-c6b394e8,0.4996,,0.5233,0.6,,,00-0039163,00-0034796,last_starter,d8777dcd07fb6eed
2026-10-04T18:55:55Z,2026_12_LV_CLE,2026-11-29T18:00:00Z,A4s-2026-c6b394e8,0.554,,0.5579,1.6,,,00-0033537,00-0029604,last_starter,d8777dcd07fb6eed
2026-10-04T18:55:55Z,2026_12_NO_CIN,2026-11-29T18:00:00Z,A4s-2026-c6b394e8,0.6621,,0.6565,4.5,,,00-0036442,00-0040743,last_starter,d8777dcd07fb6eed
2026-10-04T18:55:55Z,2026_12_NYG_IND,2026-11-29T18:00:00Z,A4s-2026-c6b394e8,0.6985,,0.5974,2.7,,,00-0035710,00-0031503,last_starter,d8777dcd07fb6eed
2026-10-04T18:55:55Z,2026_12_NYJ_MIA,2026-11-29T18:00:00Z,A4s-2026-c6b394e8,0.5336,,0.5665,1.9,,,00-0038128,00-0030565,last_starter,d8777dcd07fb6eed
2026-10-04T18:55:55Z,2026_12_TEN_JAX,2026-11-29T21:05:00Z,A4s-2026-c6b394e8,0.8604,,0.8559,12.4,,,00-0036971,00-0040676,last_starter,d8777dcd07fb6eed
2026-10-04T18:55:55Z,2026_12_SEA_SF,2026-11-29T21:25:00Z,A4s-2026-c6b394e8,0.5405,,0.5199,0.6,,,00-0037834,00-0035704,last_starter,d8777dcd07fb6eed
2026-10-04T18:55:55Z,2026_12_WAS_ARI,2026-11-29T21:25:00Z,A4s-2026-c6b394e8,0.6031,,0.5592,1.7,,,00-0033119,00-0032268,last_starter,d8777dcd07fb6eed
2026-10-04T18:55:55Z,2026_12_NE_LAC,2026-11-30T01:20:00Z,A4s-2026-c6b394e8,0.3952,,0.4117,-2.5,,,00-0036355,00-0039851,last_starter,d8777dcd07fb6eed
2026-10-04T18:55:55Z,2026_12_CAR_TB,2026-12-01T01:15:00Z,A4s-2026-c6b394e8,0.501,,0.5255,0.7,,,00-0041251,00-0039150,last_starter,d8777dcd07fb6eed
2026-10-04T18:55:55Z,2026_13_KC_LA,2026-12-04T01:15:00Z,A4s-2026-c6b394e8,0.5593,,0.5617,1.7,,,00-0026498,00-0033873,last_starter,d8777dcd07fb6eed
2026-10-04T18:55:55Z,2026_13_CIN_CLE,2026-12-06T18:00:00Z,A4s-2026-c6b394e8,0.4808,,0.4758,-0.7,,,00-0033537,00-0036442,last_starter,d8777dcd07fb6eed
2026-10-04T18:55:55Z,2026_13_DET_ATL,2026-12-06T18:00:00Z,A4s-2026-c6b394e8,0.4566,,0.4357,-1.8,,,00-0039917,00-0033106,last_starter,d8777dcd07fb6eed
2026-10-04T18:55:55Z,2026_13_GB_NO,2026-12-06T18:00:00Z,A4s-2026-c6b394e8,0.524,,0.5192,0.5,,,00-0040743,00-0036264,last_starter,d8777dcd07fb6eed
2026-10-04T18:55:55Z,2026_13_JAX_CHI,2026-12-06T18:00:00Z,A4s-2026-c6b394e8,0.4216,,0.4998,-0.0,,,00-0028986,00-0036971,last_starter,d8777dcd07fb6eed
2026-10-04T18:55:55Z,2026_13_LAC_TB,2026-12-06T18:00:00Z,A4s-2026-c6b394e8,0.5039,,0.5251,0.7,,,00-0041251,00-0036355,last_starter,d8777dcd07fb6eed
2026-10-04T18:55:55Z,2026_13_SF_NYG,2026-12-06T18:00:00Z,A4s-2026-c6b394e8,0.1878,,0.3305,-4.9,,,00-0031503,00-0037834,last_starter,d8777dcd07fb6eed
2026-10-04T18:55:55Z,2026_13_WAS_TEN,2026-12-06T18:00:00Z,A4s-2026-c6b394e8,0.4412,,0.4314,-1.9,,,00-0040676,00-0032268,last_starter,d8777dcd07fb6eed
2026-10-04T18:55:55Z,2026_13_MIA_DEN,2026-12-06T21:05:00Z,A4s-2026-c6b394e8,0.775,,0.7981,9.6,,,00-0039732,00-0038128,last_starter,d8777dcd07fb6eed
2026-10-04T18:55:55Z,2026_13_PHI_ARI,2026-12-06T21:05:00Z,A4s-2026-c6b394e8,0.4224,,0.3901,-3.1,,,00-0033119,00-0036389,last_starter,d8777dcd07fb6eed
2026-10-04T18:55:55Z,2026_13_BUF_NE,2026-12-06T21:25:00Z,A4s-2026-c6b394e8,0.4389,,0.4354,-1.8,,,00-0039851,00-0034857,last_starter,d8777dcd07fb6eed
2026-10-04T18:55:55Z,2026_13_CAR_MIN,2026-12-06T21:25:00Z,A4s-2026-c6b394e8,0.7113,,0.7546,7.8,,,00-0035228,00-0039150,last_starter,d8777dcd07fb6eed
2026-10-04T18:55:55Z,2026_13_HOU_PIT,2026-12-07T01:20:00Z,A4s-2026-c6b394e8,0.5048,,0.546,1.3,,,00-0023459,00-0039163,last_starter,d8777dcd07fb6eed
2026-10-04T18:55:55Z,2026_13_DAL_SEA,2026-12-08T01:15:00Z,A4s-2026-c6b394e8,0.7897,,0.7741,8.6,,,00-0035704,00-0033077,last_starter,d8777dcd07fb6eed
2026-10-04T18:55:55Z,2026_14_MIN_NE,2026-12-11T01:15:00Z,A4s-2026-c6b394e8,0.5151,,0.4721,-0.8,,,00-0039851,00-0035228,last_starter,d8777dcd07fb6eed
2026-10-04T18:55:55Z,2026_14_ATL_CLE,2026-12-13T18:00:00Z,A4s-2026-c6b394e8,0.581,,0.562,1.7,,,00-0033537,00-0039917,last_starter,d8777dcd07fb6eed
2026-10-04T18:55:55Z,2026_14_CHI_MIA,2026-12-13T18:00:00Z,A4s-2026-c6b394e8,0.3819,,0.3217,-5.2,,,00-0038128,00-0028986,last_starter,d8777dcd07fb6eed
2026-10-04T18:55:55Z,2026_14_DEN_NYJ,2026-12-13T18:00:00Z,A4s-2026-c6b394e8,0.3051,,0.2711,-6.9,,,00-0030565,00-0039732,last_starter,d8777dcd07fb6eed
2026-10-04T18:55:55Z,2026_14_HOU_WAS,2026-12-13T18:00:00Z,A4s-2026-c6b394e8,0.3614,,0.4042,-2.7,,,00-0032268,00-0039163,last_starter,d8777dcd07fb6eed
2026-10-04T18:55:55Z,2026_14_IND_PHI,2026-12-13T18:00:00Z,A4s-2026-c6b394e8,0.6157,,0.6312,3.7,,,00-0036389,00-0035710,last_starter,d8777dcd07fb6eed
2026-10-04T18:55:55Z,2026_14_NO_CAR,2026-12-13T18:00:00Z,A4s-2026-c6b394e8,0.5341,,0.5558,1.6,,,00-0039150,00-0040743,last_starter,d8777dcd07fb6eed
2026-10-04T18:55:55Z,2026_14_TB_BAL,2026-12-13T18:00:00Z,A4s-2026-c6b394e8,0.7287,,0.7033,6.0,,,00-0034796,00-0041251,last_starter,d8777dcd07fb6eed
2026-10-04T18:55:55Z,2026_14_TEN_DET,2026-12-13T18:00:00Z,A4s-2026-c6b394e8,0.8022,,0.8122,10.2,,,00-0033106,00-0040676,last_starter,d8777dcd07fb6eed
2026-10-04T18:55:55Z,2026_14_LAC_LV,2026-12-13T21:05:00Z,A4s-2026-c6b394e8,0.6074,,0.5769,2.2,,,00-0029604,00-0036355,last_starter,d8777dcd07fb6eed
2026-10-04T18:55:55Z,2026_14_KC_CIN,2026-12-13T21:25:00Z,A4s-2026-c6b394e8,0.5158,,0.5111,0.3,,,00-0036442,00-0033873,last_starter,d8777dcd07fb6eed
2026-10-04T18:55:55Z,2026_14_LA_SF,2026-12-13T21:25:00Z,A4s-2026-c6b394e8,0.6442,,0.6228,3.5,,,00-0037834,00-0026498,last_starter,d8777dcd07fb6eed
2026-10-04T18:55:55Z,2026_14_NYG_SEA,2026-12-13T21:25:00Z,A4s-2026-c6b394e8,0.8641,,0.7823,8.9,,,00-0035704,00-0031503,last_starter,d8777dcd07fb6eed
2026-10-04T18:55:55Z,2026_14_BUF_GB,2026-12-14T01:20:00Z,A4s-2026-c6b394e8,0.3298,,0.3314,-4.9,,,00-0036264,00-0034857,last_starter,d8777dcd07fb6eed
2026-10-04T18:55:55Z,2026_14_PIT_JAX,2026-12-15T01:15:00Z,A4s-2026-c6b394e8,0.6924,,0.6717,5.0,,,00-0036971,00-0023459,last_starter,d8777dcd07fb6eed
2026-10-04T18:55:55Z,2026_15_SF_LAC,2026-12-18T01:15:00Z,A4s-2026-c6b394e8,0.2787,,0.3335,-4.8,,,00-0036355,00-0037834,last_starter,d8777dcd07fb6eed
2026-10-04T18:55:55Z,2026_15_SEA_PHI,2026-12-19T22:00:00Z,A4s-2026-c6b394e8,0.3686,,0.4141,-2.4,,,00-0036389,00-0035704,last_starter,d8777dcd07fb6eed
2026-10-04T18:55:55Z,2026_15_CHI_BUF,2026-12-20T01:20:00Z,A4s-2026-c6b394e8,0.6898,,0.6499,4.3,,,00-0034857,00-0028986,last_starter,d8777dcd07fb6eed
2026-10-04T18:55:55Z,2026_15_ATL_WAS,2026-12-20T18:00:00Z,A4s-2026-c6b394e8,0.4356,,0.4851,-0.4,,,00-0032268,00-0039917,last_starter,d8777dcd07fb6eed
2026-10-04T18:55:55Z,2026_15_BAL_PIT,2026-12-20T18:00:00Z,A4s-2026-c6b394e8,0.4588,,0.5151,0.4,,,00-0023459,00-0034796,last_starter,d8777dcd07fb6eed
2026-10-04T18:55:55Z,2026_15_CIN_CAR,2026-12-20T18:00:00Z,A4s-2026-c6b394e8,0.4126,,0.4487,-1.4,,,00-0039150,00-0036442,last_starter,d8777dcd07fb6eed
2026-10-04T18:55:55Z,2026_15_CLE_NYG,2026-12-20T18:00:00Z,A4s-2026-c6b394e8,0.3501,,0.524,0.7,,,00-0031503,00-0033537,last_starter,d8777dcd07fb6eed
2026-10-04T18:55:55Z,2026_15_IND_TEN,2026-12-20T18:00:00Z,A4s-2026-c6b394e8,0.3365,,0.3451,-4.5,,,00-0040676,00-0035710,last_starter,d8777dcd07fb6eed
2026-10-04T18:55:55Z,2026_15_JAX_HOU,2026-12-20T18:00:00Z,A4s-2026-c6b394e8,0.4299,,0.4385,-1.7,,,00-0039163,00-0036971,last_starter,d8777dcd07fb6eed
2026-10-04T18:55:55Z,2026_15_MIA_GB,2026-12-20T18:00:00Z,A4s-2026-c6b394e8,0.6391,,0.6599,4.6,,,00-0036264,00-0038128,last_starter,d8777dcd07fb6eed
2026-10-04T18:55:55Z,2026_15_NO_TB,2026-12-20T18:00:00Z,A4s-2026-c6b394e8,0.4894,,0.5272,0.8,,,00-0041251,00-0040743,last_starter,d8777dcd07fb6eed
2026-10-04T18:55:55Z,2026_15_NYJ_ARI,2026-12-20T21:05:00Z,A4s-2026-c6b394e8,0.5784,,0.5984,2.8,,,00-0033119,00-0030565,last_starter,d8777dcd07fb6eed
2026-10-04T18:55:55Z,2026_15_DAL_LA,2026-12-20T21:25:00Z,A4s-2026-c6b394e8,0.7093,,0.692,5.6,,,00-0026498,00-0033077,last_starter,d8777dcd07fb6eed
2026-10-04T18:55:55Z,2026_15_DEN_LV,2026-12-20T21:25:00Z,A4s-2026-c6b394e8,0.4077,,0.3695,-3.7,,,00-0029604,00-0039732,last_starter,d8777dcd07fb6eed
2026-10-04T18:55:55Z,2026_15_DET_MIN,2026-12-21T01:20:00Z,A4s-2026-c6b394e8,0.6017,,0.6386,4.0,,,00-0035228,00-0033106,last_starter,d8777dcd07fb6eed
2026-10-04T18:55:55Z,2026_15_NE_KC,2026-12-22T01:15:00Z,A4s-2026-c6b394e8,0.5601,,0.5593,1.7,,,00-0033873,00-0039851,last_starter,d8777dcd07fb6eed
2026-10-04T18:55:55Z,2026_16_HOU_PHI,2026-12-25T01:15:00Z,A4s-2026-c6b394e8,0.5404,,0.5736,2.1,,,00-0036389,00-0039163,last_starter,d8777dcd07fb6eed
2026-10-04T18:55:55Z,2026_16_GB_CHI,2026-12-25T18:00:00Z,A4s-2026-c6b394e8,0.6126,,0.6761,5.1,,,00-0028986,00-0036264,last_starter,d8777dcd07fb6eed
2026-10-04T18:55:55Z,2026_16_BUF_DEN,2026-12-25T21:30:00Z,A4s-2026-c6b394e8,0.489,,0.5025,0.1,,,00-0039732,00-0034857,last_starter,d8777dcd07fb6eed
2026-10-04T18:55:55Z,2026_16_LA_SEA,2026-12-26T01:15:00Z,A4s-2026-c6b394e8,0.6489,,0.6546,4.4,,,00-0035704,00-0026498,last_starter,d8777dcd07fb6eed
2026-10-04T18:55:55Z,2026_16_ARI_NO,2026-12-27T18:00:00Z,A4s-2026-c6b394e8,0.5751,,0.5964,2.7,,,00-0040743,00-0033119,last_starter,d8777dcd07fb6eed
2026-10-04T18:55:55Z,2026_16_CAR_PIT,2026-12-27T18:00:00Z,A4s-2026-c6b394e8,0.6134,,0.6435,4.1,,,00-0023459,00-0039150,last_starter,d8777dcd07fb6eed
2026-10-04T18:55:55Z,2026_16_CIN_IND,2026-12-27T18:00:00Z,A4s-2026-c6b394e8,0.4451,,0.4897,-0.3,,,00-0035710,00-0036442,last_starter,d8777dcd07fb6eed
2026-10-04T18:55:55Z,2026_16_CLE_BAL,2026-12-27T18:00:00Z,A4s-2026-c6b394e8,0.6302,,0.6545,4.4,,,00-0034796,00-0033537,last_starter,d8777dcd07fb6eed
2026-10-04T18:55:55Z,2026_16_LAC_MIA,2026-12-27T18:00:00Z,A4s-2026-c6b394e8,0.4847,,0.4763,-0.7,,,00-0038128,00-0036355,last_starter,d8777dcd07fb6eed
2026-10-04T18:55:55Z,2026_16_NE_NYJ,2026-12-27T18:00:00Z,A4s-2026-c6b394e8,0.3495,,0.3276,-5.0,,,00-0030565,00-0039851,last_starter,d8777dcd07fb6eed
2026-10-04T18:55:55Z,2026_16_TB_ATL,2026-12-27T18:00:00Z,A4s-2026-c6b394e8,0.621,,0.6013,2.9,,,00-0039917,00-0041251,last_starter,d8777dcd07fb6eed
2026-10-04T18:55:55Z,2026_16_WAS_MIN,2026-12-27T18:00:00Z,A4s-2026-c6b394e8,0.7705,,0.7897,9.2,,,00-0035228,00-0032268,last_starter,d8777dcd07fb6eed
2026-10-04T18:55:55Z,2026_16_TEN_LV,2026-12-27T21:05:00Z,A4s-2026-c6b394e8,0.7601,,0.732,7.0,,,00-0029604,00-0040676,last_starter,d8777dcd07fb6eed
2026-10-04T18:55:55Z,2026_16_SF_KC,2026-12-27T21:25:00Z,A4s-2026-c6b394e8,0.4295,,0.4758,-0.7,,,00-0033873,00-0037834,last_starter,d8777dcd07fb6eed
2026-10-04T18:55:55Z,2026_16_JAX_DAL,2026-12-28T01:20:00Z,A4s-2026-c6b394e8,0.3267,,0.3503,-4.3,,,00-0033077,00-0036971,last_starter,d8777dcd07fb6eed
2026-10-04T18:55:55Z,2026_16_NYG_DET,2026-12-29T01:15:00Z,A4s-2026-c6b394e8,0.7679,,0.6864,5.4,,,00-0033106,00-0031503,last_starter,d8777dcd07fb6eed
2026-10-04T18:55:55Z,2026_17_BAL_CIN,2027-01-01T01:15:00Z,A4s-2026-c6b394e8,0.523,,0.5277,0.8,,,00-0036442,00-0034796,last_starter,d8777dcd07fb6eed
2026-10-04T18:55:55Z,2026_17_BUF_MIA,2027-01-03T18:00:00Z,A4s-2026-c6b394e8,0.2501,,0.241,-8.0,,,00-0038128,00-0034857,last_starter,d8777dcd07fb6eed
2026-10-04T18:55:55Z,2026_17_DEN_NE,2027-01-03T18:00:00Z,A4s-2026-c6b394e8,0.4952,,0.487,-0.4,,,00-0039851,00-0039732,last_starter,d8777dcd07fb6eed
2026-10-04T18:55:55Z,2026_17_IND_CLE,2027-01-03T18:00:00Z,A4s-2026-c6b394e8,0.5809,,0.5403,1.1,,,00-0033537,00-0035710,last_starter,d8777dcd07fb6eed
2026-10-04T18:55:55Z,2026_17_KC_LAC,2027-01-03T18:00:00Z,A4s-2026-c6b394e8,0.3812,,0.4067,-2.6,,,00-0036355,00-0033873,last_starter,d8777dcd07fb6eed
2026-10-04T18:55:55Z,2026_17_LA_TB,2027-01-03T18:00:00Z,A4s-2026-c6b394e8,0.3303,,0.3716,-3.7,,,00-0041251,00-0026498,last_starter,d8777dcd07fb6eed
2026-10-04T18:55:55Z,2026_17_MIN_NYJ,2027-01-03T18:00:00Z,A4s-2026-c6b394e8,0.3222,,0.2595,-7.3,,,00-0030565,00-0035228,last_starter,d8777dcd07fb6eed
2026-10-04T18:55:55Z,2026_17_NO_ATL,2027-01-03T18:00:00Z,A4s-2026-c6b394e8,0.5668,,0.5749,2.1,,,00-0039917,00-0040743,last_starter,d8777dcd07fb6eed
2026-10-04T18:55:55Z,2026_17_NYG_DAL,2027-01-03T18:00:00Z,A4s-2026-c6b394e8,0.6702,,0.566,1.8,,,00-0033077,00-0031503,last_starter,d8777dcd07fb6eed
2026-10-04T18:55:55Z,2026_17_PIT_TEN,2027-01-03T18:00:00Z,A4s-2026-c6b394e8,0.3047,,0.2997,-5.9,,,00-0040676,00-0023459,last_starter,d8777dcd07fb6eed
2026-10-04T18:55:55Z,2026_17_SEA_CAR,2027-01-03T18:00:00Z,A4s-2026-c6b394e8,0.277,,0.3033,-5.8,,,00-0039150,00-0035704,last_starter,d8777dcd07fb6eed
2026-10-04T18:55:55Z,2026_17_WAS_JAX,2027-01-03T18:00:00Z,A4s-2026-c6b394e8,0.8021,,0.7839,9.0,,,00-0036971,00-0032268,last_starter,d8777dcd07fb6eed
2026-10-04T18:55:55Z,2026_17_LV_ARI,2027-01-03T21:05:00Z,A4s-2026-c6b394e8,0.4667,,0.486,-0.4,,,00-0033119,00-0029604,last_starter,d8777dcd07fb6eed
2026-10-04T18:55:55Z,2026_17_DET_CHI,2027-01-03T21:25:00Z,A4s-2026-c6b394e8,0.5255,,0.5785,2.2,,,00-0028986,00-0033106,last_starter,d8777dcd07fb6eed
2026-10-04T18:55:55Z,2026_17_PHI_SF,2027-01-04T01:20:00Z,A4s-2026-c6b394e8,0.7075,,0.6557,4.5,,,00-0037834,00-0036389,last_starter,d8777dcd07fb6eed
2026-10-04T18:55:55Z,2026_17_HOU_GB,2027-01-05T01:15:00Z,A4s-2026-c6b394e8,0.4683,,0.4864,-0.4,,,00-0036264,00-0039163,last_starter,d8777dcd07fb6eed
2026-10-04T18:55:55Z,2026_18_ATL_CAR,2027-01-10T18:00:00Z,A4s-2026-c6b394e8,0.5126,,0.5349,1.0,,,00-0039150,00-0039917,last_starter,d8777dcd07fb6eed
2026-10-04T18:55:55Z,2026_18_CHI_MIN,2027-01-10T18:00:00Z,A4s-2026-c6b394e8,0.6208,,0.6155,3.3,,,00-0035228,00-0028986,last_starter,d8777dcd07fb6eed
2026-10-04T18:55:55Z,2026_18_CLE_CIN,2027-01-10T18:00:00Z,A4s-2026-c6b394e8,0.6088,,0.63,3.7,,,00-0036442,00-0033537,last_starter,d8777dcd07fb6eed
2026-10-04T18:55:55Z,2026_18_DAL_WAS,2027-01-10T18:00:00Z,A4s-2026-c6b394e8,0.4679,,0.4956,-0.1,,,00-0032268,00-0033077,last_starter,d8777dcd07fb6eed
2026-10-04T18:55:55Z,2026_18_DET_GB,2027-01-10T18:00:00Z,A4s-2026-c6b394e8,0.4567,,0.4497,-1.4,,,00-0036264,00-0033106,last_starter,d8777dcd07fb6eed
2026-10-04T18:55:55Z,2026_18_JAX_IND,2027-01-10T18:00:00Z,A4s-2026-c6b394e8,0.3562,,0.3803,-3.4,,,00-0035710,00-0036971,last_starter,d8777dcd07fb6eed
2026-10-04T18:55:55Z,2026_18_LAC_DEN,2027-01-10T18:00:00Z,A4s-2026-c6b394e8,0.7296,,0.7431,7.4,,,00-0039732,00-0036355,last_starter,d8777dcd07fb6eed
2026-10-04T18:55:55Z,2026_18_LV_KC,2027-01-10T18:00:00Z,A4s-2026-c6b394e8,0.6447,,0.6727,5.0,,,00-0033873,00-0029604,last_starter,d8777dcd07fb6eed
2026-10-04T18:55:55Z,2026_18_MIA_NE,2027-01-10T18:00:00Z,A4s-2026-c6b394e8,0.7379,,0.7511,7.7,,,00-0039851,00-0038128,last_starter,d8777dcd07fb6eed
2026-10-04T18:55:55Z,2026_18_NYJ_BUF,2027-01-10T18:00:00Z,A4s-2026-c6b394e8,0.8046,,0.8364,11.3,,,00-0034857,00-0030565,last_starter,d8777dcd07fb6eed
2026-10-04T18:55:55Z,2026_18_PHI_NYG,2027-01-10T18:00:00Z,A4s-2026-c6b394e8,0.3179,,0.4306,-1.9,,,00-0031503,00-0036389,last_starter,d8777dcd07fb6eed
2026-10-04T18:55:55Z,2026_18_PIT_BAL,2027-01-10T18:00:00Z,A4s-2026-c6b394e8,0.6296,,0.5926,2.6,,,00-0034796,00-0023459,last_starter,d8777dcd07fb6eed
2026-10-04T18:55:55Z,2026_18_SEA_LA,2027-01-10T18:00:00Z,A4s-2026-c6b394e8,0.4382,,0.4491,-1.4,,,00-0026498,00-0035704,last_starter,d8777dcd07fb6eed
2026-10-04T18:55:55Z,2026_18_SF_ARI,2027-01-10T18:00:00Z,A4s-2026-c6b394e8,0.2663,,0.2946,-6.1,,,00-0033119,00-0037834,last_starter,d8777dcd07fb6eed
2026-10-04T18:55:55Z,2026_18_TB_NO,2027-01-10T18:00:00Z,A4s-2026-c6b394e8,0.6005,,0.5809,2.3,,,00-0040743,00-0041251,last_starter,d8777dcd07fb6eed
2026-10-04T18:55:55Z,2026_18_TEN_HOU,2027-01-10T18:00:00Z,A4s-2026-c6b394e8,0.7947,,0.7887,9.2,,,00-0039163,00-0040676,last_starter,d8777dcd07fb6eed
2026-10-04T19:09:47Z,2026_04_MIA_MIN,2026-10-04T20:05:00Z,A4s-2026-c6b394e8,0.7606,,0.8075,10.0,0.8082,10.0,00-0035228,00-0038128,nflverse,d8777dcd07fb6eed
2026-10-04T19:09:47Z,2026_04_DEN_SF,2026-10-04T20:25:00Z,A4s-2026-c6b394e8,0.6238,,0.5703,2.0,0.5934,3.0,00-0037834,00-0039732,nflverse,d8777dcd07fb6eed
2026-10-04T19:09:47Z,2026_04_KC_LV,2026-10-04T20:25:00Z,A4s-2026-c6b394e8,0.4423,,0.4292,-2.0,0.3364,-4.5,00-0029604,00-0033873,nflverse,d8777dcd07fb6eed
2026-10-04T19:09:47Z,2026_04_LAC_SEA,2026-10-04T20:25:00Z,A4s-2026-c6b394e8,0.7923,,0.78,8.8,0.7508,7.0,00-0035704,00-0036355,nflverse,d8777dcd07fb6eed
2026-10-04T19:09:47Z,2026_04_DET_CAR,2026-10-05T00:20:00Z,A4s-2026-c6b394e8,0.4236,,0.4168,-2.3,0.3631,-3.5,00-0039150,00-0033106,nflverse,d8777dcd07fb6eed
2026-10-04T19:09:47Z,2026_04_ATL_NO,2026-10-06T00:15:00Z,A4s-2026-c6b394e8,0.5235,,0.5333,0.9,0.5427,1.5,00-0040743,00-0039917,nflverse,d8777dcd07fb6eed
2026-10-04T19:09:47Z,2026_05_TB_DAL,2026-10-09T00:15:00Z,A4s-2026-c6b394e8,0.5898,,0.5911,2.6,,,00-0033077,00-0041251,nflverse,d8777dcd07fb6eed
2026-10-04T19:09:47Z,2026_05_PHI_JAX,2026-10-11T13:30:00Z,A4s-2026-c6b394e8,0.6612,,0.6465,4.2,,,00-0036971,00-0036389,nflverse,d8777dcd07fb6eed
2026-10-04T19:09:47Z,2026_05_CHI_GB,2026-10-11T17:00:00Z,A4s-2026-c6b394e8,0.4768,,0.4254,-2.1,,,00-0036264,00-0028986,nflverse,d8777dcd07fb6eed
2026-10-04T19:09:47Z,2026_05_CIN_MIA,2026-10-11T17:00:00Z,A4s-2026-c6b394e8,0.3523,,0.3736,-3.6,,,00-0038128,00-0036442,nflverse,d8777dcd07fb6eed
2026-10-04T19:09:47Z,2026_05_CLE_NYJ,2026-10-11T17:00:00Z,A4s-2026-c6b394e8,0.4252,,0.4373,-1.8,,,00-0030565,00-0033537,nflverse,d8777dcd07fb6eed
2026-10-04T19:09:47Z,2026_05_HOU_TEN,2026-10-11T17:00:00Z,A4s-2026-c6b394e8,0.2713,,0.2928,-6.1,,,00-0040676,00-0039163,nflverse,d8777dcd07fb6eed
2026-10-04T19:09:47Z,2026_05_IND_PIT,2026-10-11T17:00:00Z,A4s-2026-c6b394e8,0.5815,,0.6048,3.0,,,00-0023459,00-0035710,nflverse,d8777dcd07fb6eed
2026-10-04T19:09:47Z,2026_05_LV_NE,2026-10-11T17:00:00Z,A4s-2026-c6b394e8,0.6311,,0.6681,4.9,,,00-0039851,00-0029604,nflverse,d8777dcd07fb6eed
2026-10-04T19:09:47Z,2026_05_MIN_NO,2026-10-11T17:00:00Z,A4s-2026-c6b394e8,0.3799,,0.333,-4.8,,,00-0040743,00-0035228,nflverse,d8777dcd07fb6eed
2026-10-04T19:09:47Z,2026_05_NYG_WAS,2026-10-11T17:00:00Z,A4s-2026-c6b394e8,0.6539,,0.5075,0.2,,,00-0039910,00-0031503,nflverse,d8777dcd07fb6eed
2026-10-04T19:09:47Z,2026_05_DEN_LAC,2026-10-11T20:05:00Z,A4s-2026-c6b394e8,0.3481,,0.3482,-4.4,,,00-0036355,00-0039732,nflverse,d8777dcd07fb6eed
2026-10-04T19:09:47Z,2026_05_DET_ARI,2026-10-11T20:25:00Z,A4s-2026-c6b394e8,0.4061,,0.3739,-3.6,,,00-0033119,00-0033106,nflverse,d8777dcd07fb6eed
2026-10-04T19:09:47Z,2026_05_SF_SEA,2026-10-11T20:25:00Z,A4s-2026-c6b394e8,0.5506,,0.588,2.5,,,00-0035704,00-0037834,nflverse,d8777dcd07fb6eed
2026-10-04T19:09:47Z,2026_05_BAL_ATL,2026-10-12T00:20:00Z,A4s-2026-c6b394e8,0.4227,,0.4415,-1.6,,,00-0039917,00-0034796,nflverse,d8777dcd07fb6eed
2026-10-04T19:09:47Z,2026_05_BUF_LA,2026-10-13T00:15:00Z,A4s-2026-c6b394e8,0.4673,,0.448,-1.4,,,00-0026498,00-0034857,nflverse,d8777dcd07fb6eed
2026-10-04T19:09:47Z,2026_06_SEA_DEN,2026-10-16T00:15:00Z,A4s-2026-c6b394e8,0.4597,,0.5035,0.1,,,00-0039732,00-0035704,last_starter,d8777dcd07fb6eed
2026-10-04T19:09:47Z,2026_06_HOU_JAX,2026-10-18T13:30:00Z,A4s-2026-c6b394e8,0.6164,,0.6142,3.2,,,00-0036971,00-0039163,last_starter,d8777dcd07fb6eed
2026-10-04T19:09:47Z,2026_06_BAL_CLE,2026-10-18T17:00:00Z,A4s-2026-c6b394e8,0.4582,,0.4493,-1.4,,,00-0033537,00-0034796,last_starter,d8777dcd07fb6eed
2026-10-04T19:09:47Z,2026_06_CAR_PHI,2026-10-18T17:00:00Z,A4s-2026-c6b394e8,0.6466,,0.6687,4.9,,,00-0036389,00-0039150,last_starter,d8777dcd07fb6eed
2026-10-04T19:09:47Z,2026_06_CHI_ATL,2026-10-18T17:00:00Z,A4s-2026-c6b394e8,0.4767,,0.4116,-2.5,,,00-0039917,00-0028986,last_starter,d8777dcd07fb6eed
2026-10-04T19:09:47Z,2026_06_NO_NYG,2026-10-18T17:00:00Z,A4s-2026-c6b394e8,0.4041,,0.5528,1.5,,,00-0031503,00-0040743,last_starter,d8777dcd07fb6eed
2026-10-04T19:09:47Z,2026_06_NYJ_NE,2026-10-18T17:00:00Z,A4s-2026-c6b394e8,0.7284,,0.7603,8.0,,,00-0039851,00-0030565,last_starter,d8777dcd07fb6eed
2026-10-04T19:09:47Z,2026_06_PIT_TB,2026-10-18T17:00:00Z,A4s-2026-c6b394e8,0.4317,,0.4327,-1.9,,,00-0041251,00-0023459,last_starter,d8777dcd07fb6eed
2026-10-04T19:09:47Z,2026_06_TEN_IND,2026-10-18T17:00:00Z,A4s-2026-c6b394e8,0.7396,,0.7457,7.5,,,00-0035710,00-0040676,last_starter,d8777dcd07fb6eed
2026-10-04T19:09:47Z,2026_06_ARI_LA,2026-10-18T20:05:00Z,A4s-2026-c6b394e8,0.7246,,0.7359,7.1,,,00-0026498,00-0033119,last_starter,d8777dcd07fb6eed
2026-10-04T19:09:47Z,2026_06_BUF_LV,2026-10-18T20:25:00Z,A4s-2026-c6b394e8,0.3544,,0.3226,-5.2,,,00-0029604,00-0034857,last_starter,d8777dcd07fb6eed
2026-10-04T19:09:47Z,2026_06_LAC_KC,2026-10-18T20:25:00Z,A4s-2026-c6b394e8,0.7005,,0.6927,5.6,,,00-0033873,00-0036355,last_starter,d8777dcd07fb6eed
2026-10-04T19:09:47Z,2026_06_DAL_GB,2026-10-19T00:20:00Z,A4s-2026-c6b394e8,0.5778,,0.5784,2.2,,,00-0036264,00-0033077,last_starter,d8777dcd07fb6eed
2026-10-04T19:09:47Z,2026_06_WAS_SF,2026-10-20T00:15:00Z,A4s-2026-c6b394e8,0.834,,0.7906,9.2,,,00-0037834,00-0032268,last_starter,d8777dcd07fb6eed
2026-10-04T19:09:47Z,2026_07_NE_CHI,2026-10-23T00:15:00Z,A4s-2026-c6b394e8,0.4987,,0.573,2.0,,,00-0028986,00-0039851,last_starter,d8777dcd07fb6eed
2026-10-04T19:09:47Z,2026_07_PIT_NO,2026-10-25T13:30:00Z,A4s-2026-c6b394e8,0.4444,,0.4062,-2.6,,,00-0040743,00-0023459,last_starter,d8777dcd07fb6eed
2026-10-04T19:09:47Z,2026_07_CIN_BAL,2026-10-25T17:00:00Z,A4s-2026-c6b394e8,0.5679,,0.5803,2.3,,,00-0034796,00-0036442,last_starter,d8777dcd07fb6eed
2026-10-04T19:09:47Z,2026_07_CLE_TEN,2026-10-25T17:00:00Z,A4s-2026-c6b394e8,0.3053,,0.3578,-4.1,,,00-0040676,00-0033537,last_starter,d8777dcd07fb6eed
2026-10-04T19:09:47Z,2026_07_IND_MIN,2026-10-25T17:00:00Z,A4s-2026-c6b394e8,0.6832,,0.7228,6.7,,,00-0035228,00-0035710,last_starter,d8777dcd07fb6eed
2026-10-04T19:09:47Z,2026_07_MIA_NYJ,2026-10-25T17:00:00Z,A4s-2026-c6b394e8,0.5575,,0.5419,1.2,,,00-0030565,00-0038128,last_starter,d8777dcd07fb6eed
2026-10-04T19:09:47Z,2026_07_NYG_HOU,2026-10-25T17:00:00Z,A4s-2026-c6b394e8,0.7595,,0.6538,4.4,,,00-0039163,00-0031503,last_starter,d8777dcd07fb6eed
2026-10-04T19:09:47Z,2026_07_SF_ATL,2026-10-25T17:00:00Z,A4s-2026-c6b394e8,0.3085,,0.3507,-4.3,,,00-0039917,00-0037834,last_starter,d8777dcd07fb6eed
2026-10-04T19:09:47Z,2026_07_TB_CAR,2026-10-25T17:00:00Z,A4s-2026-c6b394e8,0.5894,,0.5825,2.3,,,00-0039150,00-0041251,last_starter,d8777dcd07fb6eed
2026-10-04T19:09:47Z,2026_07_DEN_ARI,2026-10-25T20:05:00Z,A4s-2026-c6b394e8,0.3341,,0.3083,-5.6,,,00-0033119,00-0039732,last_starter,d8777dcd07fb6eed
2026-10-04T19:09:47Z,2026_07_GB_DET,2026-10-25T20:25:00Z,A4s-2026-c6b394e8,0.6315,,0.6541,4.4,,,00-0033106,00-0036264,last_starter,d8777dcd07fb6eed
2026-10-04T19:09:47Z,2026_07_LA_LV,2026-10-25T20:25:00Z,A4s-2026-c6b394e8,0.4289,,0.4217,-2.2,,,00-0029604,00-0026498,last_starter,d8777dcd07fb6eed
2026-10-04T19:09:47Z,2026_07_KC_SEA,2026-10-26T00:20:00Z,A4s-2026-c6b394e8,0.6614,,0.6615,4.7,,,00-0035704,00-0033873,last_starter,d8777dcd07fb6eed
2026-10-04T19:09:47Z,2026_07_DAL_PHI,2026-10-27T00:15:00Z,A4s-2026-c6b394e8,0.6462,,0.6608,4.6,,,00-0036389,00-0033077,last_starter,d8777dcd07fb6eed
2026-10-04T19:09:47Z,2026_08_CAR_GB,2026-10-30T00:15:00Z,A4s-2026-c6b394e8,0.5782,,0.587,2.4,,,00-0036264,00-0039150,last_starter,d8777dcd07fb6eed
2026-10-04T19:09:47Z,2026_08_ARI_DAL,2026-11-01T18:00:00Z,A4s-2026-c6b394e8,0.5642,,0.6065,3.0,,,00-0033077,00-0033119,last_starter,d8777dcd07fb6eed
2026-10-04T19:09:47Z,2026_08_ATL_TB,2026-11-01T18:00:00Z,A4s-2026-c6b394e8,0.468,,0.5061,0.2,,,00-0041251,00-0039917,last_starter,d8777dcd07fb6eed
2026-10-04T19:09:47Z,2026_08_BAL_BUF,2026-11-01T18:00:00Z,A4s-2026-c6b394e8,0.6413,,0.6772,5.1,,,00-0034857,00-0034796,last_starter,d8777dcd07fb6eed
2026-10-04T19:09:47Z,2026_08_CLE_PIT,2026-11-01T18:00:00Z,A4s-2026-c6b394e8,0.5462,,0.6181,3.3,,,00-0023459,00-0033537,last_starter,d8777dcd07fb6eed
2026-10-04T19:09:47Z,2026_08_IND_JAX,2026-11-01T18:00:00Z,A4s-2026-c6b394e8,0.7226,,0.7158,6.4,,,00-0036971,00-0035710,last_starter,d8777dcd07fb6eed
2026-10-04T19:09:47Z,2026_08_LV_NYJ,2026-11-01T18:00:00Z,A4s-2026-c6b394e8,0.4336,,0.441,-1.6,,,00-0030565,00-0029604,last_starter,d8777dcd07fb6eed
2026-10-04T19:09:47Z,2026_08_MIN_DET,2026-11-01T18:00:00Z,A4s-2026-c6b394e8,0.4882,,0.4665,-0.9,,,00-0033106,00-0035228,last_starter,d8777dcd07fb6eed
2026-10-04T19:09:47Z,2026_08_TEN_CIN,2026-11-01T18:00:00Z,A4s-2026-c6b394e8,0.8096,,0.7916,9.3,,,00-0036442,00-0040676,last_starter,d8777dcd07fb6eed
2026-10-04T19:09:47Z,2026_08_LAC_LA,2026-11-01T21:05:00Z,A4s-2026-c6b394e8,0.7121,,0.6992,5.9,,,00-0026498,00-0036355,last_starter,d8777dcd07fb6eed
2026-10-04T19:09:47Z,2026_08_KC_DEN,2026-11-01T21:25:00Z,A4s-2026-c6b394e8,0.5807,,0.6146,3.2,,,00-0039732,00-0033873,last_starter,d8777dcd07fb6eed
2026-10-04T19:09:47Z,2026_08_NE_MIA,2026-11-01T21:25:00Z,A4s-2026-c6b394e8,0.3386,,0.3386,-4.7,,,00-0038128,00-0039851,last_starter,d8777dcd07fb6eed
2026-10-04T19:09:47Z,2026_08_PHI_WAS,2026-11-02T01:20:00Z,A4s-2026-c6b394e8,0.3662,,0.3853,-3.2,,,00-0032268,00-0036389,last_starter,d8777dcd07fb6eed
2026-10-04T19:09:47Z,2026_08_CHI_SEA,2026-11-03T01:15:00Z,A4s-2026-c6b394e8,0.7143,,0.6489,4.3,,,00-0035704,00-0028986,last_starter,d8777dcd07fb6eed
2026-10-04T19:09:47Z,2026_09_JAX_BAL,2026-11-06T01:15:00Z,A4s-2026-c6b394e8,0.4755,,0.4692,-0.9,,,00-0034796,00-0036971,last_starter,d8777dcd07fb6eed
2026-10-04T19:09:47Z,2026_09_CIN_ATL,2026-11-08T14:30:00Z,A4s-2026-c6b394e8,0.4027,,0.4143,-2.4,,,00-0039917,00-0036442,last_starter,d8777dcd07fb6eed
2026-10-04T19:09:47Z,2026_09_CLE_NO,2026-11-08T18:00:00Z,A4s-2026-c6b394e8,0.4881,,0.5254,0.7,,,00-0040743,00-0033537,last_starter,d8777dcd07fb6eed
2026-10-04T19:09:47Z,2026_09_DAL_IND,2026-11-08T18:00:00Z,A4s-2026-c6b394e8,0.5778,,0.5859,2.4,,,00-0035710,00-0033077,last_starter,d8777dcd07fb6eed
2026-10-04T19:09:47Z,2026_09_DEN_CAR,2026-11-08T18:00:00Z,A4s-2026-c6b394e8,0.3508,,0.3479,-4.4,,,00-0039150,00-0039732,last_starter,d8777dcd07fb6eed
2026-10-04T19:09:47Z,2026_09_DET_MIA,2026-11-08T18:00:00Z,A4s-2026-c6b394e8,0.3631,,0.3437,-4.5,,,00-0038128,00-0033106,last_starter,d8777dcd07fb6eed
2026-10-04T19:09:47Z,2026_09_LA_WAS,2026-11-08T18:00:00Z,A4s-2026-c6b394e8,0.302,,0.3522,-4.2,,,00-0032268,00-0026498,last_starter,d8777dcd07fb6eed
2026-10-04T19:09:47Z,2026_09_NYG_PHI,2026-11-08T18:00:00Z,A4s-2026-c6b394e8,0.7556,,0.6714,5.0,,,00-0036389,00-0031503,last_starter,d8777dcd07fb6eed
2026-10-04T19:09:47Z,2026_09_NYJ_KC,2026-11-08T18:00:00Z,A4s-2026-c6b394e8,0.7399,,0.7641,8.2,,,00-0033873,00-0030565,last_starter,d8777dcd07fb6eed
2026-10-04T19:09:47Z,2026_09_HOU_LAC,2026-11-08T21:05:00Z,A4s-2026-c6b394e8,0.4326,,0.4534,-1.3,,,00-0036355,00-0039163,last_starter,d8777dcd07fb6eed
2026-10-04T19:09:47Z,2026_09_LV_SF,2026-11-08T21:05:00Z,A4s-2026-c6b394e8,0.7432,,0.7379,7.2,,,00-0037834,00-0029604,last_starter,d8777dcd07fb6eed
2026-10-04T19:09:47Z,2026_09_ARI_SEA,2026-11-08T21:25:00Z,A4s-2026-c6b394e8,0.802,,0.8095,10.1,,,00-0035704,00-0033119,last_starter,d8777dcd07fb6eed
2026-10-04T19:09:47Z,2026_09_GB_NE,2026-11-08T21:25:00Z,A4s-2026-c6b394e8,0.6562,,0.6592,4.6,,,00-0039851,00-0036264,last_starter,d8777dcd07fb6eed
2026-10-04T19:09:47Z,2026_09_TB_CHI,2026-11-09T01:20:00Z,A4s-2026-c6b394e8,0.6835,,0.7282,6.8,,,00-0028986,00-0041251,last_starter,d8777dcd07fb6eed
2026-10-04T19:09:47Z,2026_09_BUF_MIN,2026-11-10T01:15:00Z,A4s-2026-c6b394e8,0.4692,,0.5174,0.5,,,00-0035228,00-0034857,last_starter,d8777dcd07fb6eed
2026-10-04T19:09:47Z,2026_10_WAS_NYG,2026-11-13T01:15:00Z,A4s-2026-c6b394e8,0.4919,,0.5999,2.8,,,00-0031503,00-0032268,last_starter,d8777dcd07fb6eed
2026-10-04T19:09:47Z,2026_10_NE_DET,2026-11-15T14:30:00Z,A4s-2026-c6b394e8,0.4755,,0.4944,-0.2,,,00-0033106,00-0039851,last_starter,d8777dcd07fb6eed
2026-10-04T19:09:47Z,2026_10_BUF_NYJ,2026-11-15T18:00:00Z,A4s-2026-c6b394e8,0.2593,,0.232,-8.3,,,00-0030565,00-0034857,last_starter,d8777dcd07fb6eed
2026-10-04T19:09:47Z,2026_10_CAR_NO,2026-11-15T18:00:00Z,A4s-2026-c6b394e8,0.557,,0.5525,1.5,,,00-0040743,00-0039150,last_starter,d8777dcd07fb6eed
2026-10-04T19:09:47Z,2026_10_HOU_CLE,2026-11-15T18:00:00Z,A4s-2026-c6b394e8,0.5042,,0.4802,-0.6,,,00-0033537,00-0039163,last_starter,d8777dcd07fb6eed
2026-10-04T19:09:47Z,2026_10_JAX_TEN,2026-11-15T18:00:00Z,A4s-2026-c6b394e8,0.1895,,0.2064,-9.4,,,00-0040676,00-0036971,last_starter,d8777dcd07fb6eed
2026-10-04T19:09:47Z,2026_10_KC_ATL,2026-11-15T18:00:00Z,A4s-2026-c6b394e8,0.4157,,0.4252,-2.1,,,00-0039917,00-0033873,last_starter,d8777dcd07fb6eed
2026-10-04T19:09:47Z,2026_10_MIA_IND,2026-11-15T18:00:00Z,A4s-2026-c6b394e8,0.639,,0.6668,4.8,,,00-0035710,00-0038128,last_starter,d8777dcd07fb6eed
2026-10-04T19:09:47Z,2026_10_MIN_GB,2026-11-15T18:00:00Z,A4s-2026-c6b394e8,0.4005,,0.365,-3.8,,,00-0036264,00-0035228,last_starter,d8777dcd07fb6eed
2026-10-04T19:09:47Z,2026_10_LA_ARI,2026-11-15T21:05:00Z,A4s-2026-c6b394e8,0.3538,,0.3568,-4.1,,,00-0033119,00-0026498,last_starter,d8777dcd07fb6eed
2026-10-04T19:09:47Z,2026_10_SEA_LV,2026-11-15T21:05:00Z,A4s-2026-c6b394e8,0.3279,,0.3235,-5.1,,,00-0029604,00-0035704,last_starter,d8777dcd07fb6eed
2026-10-04T19:09:47Z,2026_10_SF_DAL,2026-11-15T21:25:00Z,A4s-2026-c6b394e8,0.2814,,0.3411,-4.6,,,00-0033077,00-0037834,last_starter,d8777dcd07fb6eed
2026-10-04T19:09:47Z,2026_10_PIT_CIN,2026-11-16T01:20:00Z,A4s-2026-c6b394e8,0.6082,,0.5667,1.9,,,00-0036442,00-0023459,last_starter,d8777dcd07fb6eed
2026-10-04T19:09:47Z,2026_10_LAC_BAL,2026-11-17T01:15:00Z,A4s-2026-c6b394e8,0.6945,,0.6784,5.2,,,00-0034796,00-0036355,last_starter,d8777dcd07fb6eed
2026-10-04T19:09:47Z,2026_11_IND_HOU,2026-11-20T01:15:00Z,A4s-2026-c6b394e8,0.6206,,0.6127,3.2,,,00-0039163,00-0035710,last_starter,d8777dcd07fb6eed
2026-10-04T19:09:47Z,2026_11_ARI_KC,2026-11-22T18:00:00Z,A4s-2026-c6b394e8,0.7134,,0.7299,6.9,,,00-0033873,00-0033119,last_starter,d8777dcd07fb6eed
2026-10-04T19:09:47Z,2026_11_BAL_CAR,2026-11-22T18:00:00Z,A4s-2026-c6b394e8,0.3908,,0.4225,-2.2,,,00-0039150,00-0034796,last_starter,d8777dcd07fb6eed
2026-10-04T19:09:47Z,2026_11_JAX_NYG,2026-11-22T18:00:00Z,A4s-2026-c6b394e8,0.2228,,0.3395,-4.6,,,00-0031503,00-0036971,last_starter,d8777dcd07fb6eed
2026-10-04T19:09:47Z,2026_11_MIA_BUF,2026-11-22T18:00:00Z,A4s-2026-c6b394e8,0.812,,0.8295,11.0,,,00-0034857,00-0038128,last_starter,d8777dcd07fb6eed
2026-10-04T19:09:47Z,2026_11_NO_CHI,2026-11-22T18:00:00Z,A4s-2026-c6b394e8,0.633,,0.7062,6.1,,,00-0028986,00-0040743,last_starter,d8777dcd07fb6eed
2026-10-04T19:09:47Z,2026_11_TB_DET,2026-11-22T18:00:00Z,A4s-2026-c6b394e8,0.7007,,0.7082,6.2,,,00-0033106,00-0041251,last_starter,d8777dcd07fb6eed
2026-10-04T19:09:47Z,2026_11_TEN_DAL,2026-11-22T18:00:00Z,A4s-2026-c6b394e8,0.7136,,0.7204,6.6,,,00-0033077,00-0040676,last_starter,d8777dcd07fb6eed
2026-10-04T19:09:47Z,2026_11_NYJ_LAC,2026-11-22T21:05:00Z,A4s-2026-c6b394e8,0.5935,,0.641,4.0,,,00-0036355,00-0030565,last_starter,d8777dcd07fb6eed
2026-10-04T19:09:47Z,2026_11_LV_DEN,2026-11-22T21:25:00Z,A4s-2026-c6b394e8,0.6767,,0.725,6.7,,,00-0039732,00-0029604,last_starter,d8777dcd07fb6eed
2026-10-04T19:09:47Z,2026_11_PIT_PHI,2026-11-22T21:25:00Z,A4s-2026-c6b394e8,0.5806,,0.5817,2.3,,,00-0036389,00-0023459,last_starter,d8777dcd07fb6eed
2026-10-04T19:09:47Z,2026_11_MIN_SF,2026-11-23T01:20:00Z,A4s-2026-c6b394e8,0.6017,,0.5015,0.0,,,00-0037834,00-0035228,last_starter,d8777dcd07fb6eed
2026-10-04T19:09:47Z,2026_11_CIN_WAS,2026-11-24T01:15:00Z,A4s-2026-c6b394e8,0.3401,,0.3999,-2.8,,,00-0032268,00-0036442,last_starter,d8777dcd07fb6eed
2026-10-04T19:09:47Z,2026_12_GB_LA,2026-11-26T01:00:00Z,A4s-2026-c6b394e8,0.6815,,0.6706,4.9,,,00-0026498,00-0036264,last_starter,d8777dcd07fb6eed
2026-10-04T19:09:47Z,2026_12_CHI_DET,2026-11-26T18:00:00Z,A4s-2026-c6b394e8,0.5655,,0.5296,0.8,,,00-0033106,00-0028986,last_starter,d8777dcd07fb6eed
2026-10-04T19:09:47Z,2026_12_PHI_DAL,2026-11-26T21:30:00Z,A4s-2026-c6b394e8,0.441,,0.4423,-1.6,,,00-0033077,00-0036389,last_starter,d8777dcd07fb6eed
2026-10-04T19:09:47Z,2026_12_KC_BUF,2026-11-27T01:20:00Z,A4s-2026-c6b394e8,0.6346,,0.6625,4.7,,,00-0034857,00-0033873,last_starter,d8777dcd07fb6eed
2026-10-04T19:09:47Z,2026_12_DEN_PIT,2026-11-27T20:00:00Z,A4s-2026-c6b394e8,0.4166,,0.4365,-1.8,,,00-0023459,00-0039732,last_starter,d8777dcd07fb6eed
2026-10-04T19:09:47Z,2026_12_ATL_MIN,2026-11-29T18:00:00Z,A4s-2026-c6b394e8,0.6834,,0.7399,7.3,,,00-0035228,00-0039917,last_starter,d8777dcd07fb6eed
2026-10-04T19:09:47Z,2026_12_BAL_HOU,2026-11-29T18:00:00Z,A4s-2026-c6b394e8,0.4996,,0.5233,0.6,,,00-0039163,00-0034796,last_starter,d8777dcd07fb6eed
2026-10-04T19:09:47Z,2026_12_LV_CLE,2026-11-29T18:00:00Z,A4s-2026-c6b394e8,0.554,,0.5579,1.6,,,00-0033537,00-0029604,last_starter,d8777dcd07fb6eed
2026-10-04T19:09:47Z,2026_12_NO_CIN,2026-11-29T18:00:00Z,A4s-2026-c6b394e8,0.6621,,0.6565,4.5,,,00-0036442,00-0040743,last_starter,d8777dcd07fb6eed
2026-10-04T19:09:47Z,2026_12_NYG_IND,2026-11-29T18:00:00Z,A4s-2026-c6b394e8,0.6985,,0.5974,2.7,,,00-0035710,00-0031503,last_starter,d8777dcd07fb6eed
2026-10-04T19:09:47Z,2026_12_NYJ_MIA,2026-11-29T18:00:00Z,A4s-2026-c6b394e8,0.5336,,0.5665,1.9,,,00-0038128,00-0030565,last_starter,d8777dcd07fb6eed
2026-10-04T19:09:47Z,2026_12_TEN_JAX,2026-11-29T21:05:00Z,A4s-2026-c6b394e8,0.8604,,0.8559,12.4,,,00-0036971,00-0040676,last_starter,d8777dcd07fb6eed
2026-10-04T19:09:47Z,2026_12_SEA_SF,2026-11-29T21:25:00Z,A4s-2026-c6b394e8,0.5405,,0.5199,0.6,,,00-0037834,00-0035704,last_starter,d8777dcd07fb6eed
2026-10-04T19:09:47Z,2026_12_WAS_ARI,2026-11-29T21:25:00Z,A4s-2026-c6b394e8,0.6031,,0.5592,1.7,,,00-0033119,00-0032268,last_starter,d8777dcd07fb6eed
2026-10-04T19:09:47Z,2026_12_NE_LAC,2026-11-30T01:20:00Z,A4s-2026-c6b394e8,0.3952,,0.4117,-2.5,,,00-0036355,00-0039851,last_starter,d8777dcd07fb6eed
2026-10-04T19:09:47Z,2026_12_CAR_TB,2026-12-01T01:15:00Z,A4s-2026-c6b394e8,0.501,,0.5255,0.7,,,00-0041251,00-0039150,last_starter,d8777dcd07fb6eed
2026-10-04T19:09:47Z,2026_13_KC_LA,2026-12-04T01:15:00Z,A4s-2026-c6b394e8,0.5593,,0.5617,1.7,,,00-0026498,00-0033873,last_starter,d8777dcd07fb6eed
2026-10-04T19:09:47Z,2026_13_CIN_CLE,2026-12-06T18:00:00Z,A4s-2026-c6b394e8,0.4808,,0.4758,-0.7,,,00-0033537,00-0036442,last_starter,d8777dcd07fb6eed
2026-10-04T19:09:47Z,2026_13_DET_ATL,2026-12-06T18:00:00Z,A4s-2026-c6b394e8,0.4566,,0.4357,-1.8,,,00-0039917,00-0033106,last_starter,d8777dcd07fb6eed
2026-10-04T19:09:47Z,2026_13_GB_NO,2026-12-06T18:00:00Z,A4s-2026-c6b394e8,0.524,,0.5192,0.5,,,00-0040743,00-0036264,last_starter,d8777dcd07fb6eed
2026-10-04T19:09:47Z,2026_13_JAX_CHI,2026-12-06T18:00:00Z,A4s-2026-c6b394e8,0.4216,,0.4998,-0.0,,,00-0028986,00-0036971,last_starter,d8777dcd07fb6eed
2026-10-04T19:09:47Z,2026_13_LAC_TB,2026-12-06T18:00:00Z,A4s-2026-c6b394e8,0.5039,,0.5251,0.7,,,00-0041251,00-0036355,last_starter,d8777dcd07fb6eed
2026-10-04T19:09:47Z,2026_13_SF_NYG,2026-12-06T18:00:00Z,A4s-2026-c6b394e8,0.1878,,0.3305,-4.9,,,00-0031503,00-0037834,last_starter,d8777dcd07fb6eed
2026-10-04T19:09:47Z,2026_13_WAS_TEN,2026-12-06T18:00:00Z,A4s-2026-c6b394e8,0.4412,,0.4314,-1.9,,,00-0040676,00-0032268,last_starter,d8777dcd07fb6eed
2026-10-04T19:09:47Z,2026_13_MIA_DEN,2026-12-06T21:05:00Z,A4s-2026-c6b394e8,0.775,,0.7981,9.6,,,00-0039732,00-0038128,last_starter,d8777dcd07fb6eed
2026-10-04T19:09:47Z,2026_13_PHI_ARI,2026-12-06T21:05:00Z,A4s-2026-c6b394e8,0.4224,,0.3901,-3.1,,,00-0033119,00-0036389,last_starter,d8777dcd07fb6eed
2026-10-04T19:09:47Z,2026_13_BUF_NE,2026-12-06T21:25:00Z,A4s-2026-c6b394e8,0.4389,,0.4354,-1.8,,,00-0039851,00-0034857,last_starter,d8777dcd07fb6eed
2026-10-04T19:09:47Z,2026_13_CAR_MIN,2026-12-06T21:25:00Z,A4s-2026-c6b394e8,0.7113,,0.7546,7.8,,,00-0035228,00-0039150,last_starter,d8777dcd07fb6eed
2026-10-04T19:09:47Z,2026_13_HOU_PIT,2026-12-07T01:20:00Z,A4s-2026-c6b394e8,0.5048,,0.546,1.3,,,00-0023459,00-0039163,last_starter,d8777dcd07fb6eed
2026-10-04T19:09:47Z,2026_13_DAL_SEA,2026-12-08T01:15:00Z,A4s-2026-c6b394e8,0.7897,,0.7741,8.6,,,00-0035704,00-0033077,last_starter,d8777dcd07fb6eed
2026-10-04T19:09:47Z,2026_14_MIN_NE,2026-12-11T01:15:00Z,A4s-2026-c6b394e8,0.5151,,0.4721,-0.8,,,00-0039851,00-0035228,last_starter,d8777dcd07fb6eed
2026-10-04T19:09:47Z,2026_14_ATL_CLE,2026-12-13T18:00:00Z,A4s-2026-c6b394e8,0.581,,0.562,1.7,,,00-0033537,00-0039917,last_starter,d8777dcd07fb6eed
2026-10-04T19:09:47Z,2026_14_CHI_MIA,2026-12-13T18:00:00Z,A4s-2026-c6b394e8,0.3819,,0.3217,-5.2,,,00-0038128,00-0028986,last_starter,d8777dcd07fb6eed
2026-10-04T19:09:47Z,2026_14_DEN_NYJ,2026-12-13T18:00:00Z,A4s-2026-c6b394e8,0.3051,,0.2711,-6.9,,,00-0030565,00-0039732,last_starter,d8777dcd07fb6eed
2026-10-04T19:09:47Z,2026_14_HOU_WAS,2026-12-13T18:00:00Z,A4s-2026-c6b394e8,0.3614,,0.4042,-2.7,,,00-0032268,00-0039163,last_starter,d8777dcd07fb6eed
2026-10-04T19:09:47Z,2026_14_IND_PHI,2026-12-13T18:00:00Z,A4s-2026-c6b394e8,0.6157,,0.6312,3.7,,,00-0036389,00-0035710,last_starter,d8777dcd07fb6eed
2026-10-04T19:09:47Z,2026_14_NO_CAR,2026-12-13T18:00:00Z,A4s-2026-c6b394e8,0.5341,,0.5558,1.6,,,00-0039150,00-0040743,last_starter,d8777dcd07fb6eed
2026-10-04T19:09:47Z,2026_14_TB_BAL,2026-12-13T18:00:00Z,A4s-2026-c6b394e8,0.7287,,0.7033,6.0,,,00-0034796,00-0041251,last_starter,d8777dcd07fb6eed
2026-10-04T19:09:47Z,2026_14_TEN_DET,2026-12-13T18:00:00Z,A4s-2026-c6b394e8,0.8022,,0.8122,10.2,,,00-0033106,00-0040676,last_starter,d8777dcd07fb6eed
2026-10-04T19:09:47Z,2026_14_LAC_LV,2026-12-13T21:05:00Z,A4s-2026-c6b394e8,0.6074,,0.5769,2.2,,,00-0029604,00-0036355,last_starter,d8777dcd07fb6eed
2026-10-04T19:09:47Z,2026_14_KC_CIN,2026-12-13T21:25:00Z,A4s-2026-c6b394e8,0.5158,,0.5111,0.3,,,00-0036442,00-0033873,last_starter,d8777dcd07fb6eed
2026-10-04T19:09:47Z,2026_14_LA_SF,2026-12-13T21:25:00Z,A4s-2026-c6b394e8,0.6442,,0.6228,3.5,,,00-0037834,00-0026498,last_starter,d8777dcd07fb6eed
2026-10-04T19:09:47Z,2026_14_NYG_SEA,2026-12-13T21:25:00Z,A4s-2026-c6b394e8,0.8641,,0.7823,8.9,,,00-0035704,00-0031503,last_starter,d8777dcd07fb6eed
2026-10-04T19:09:47Z,2026_14_BUF_GB,2026-12-14T01:20:00Z,A4s-2026-c6b394e8,0.3298,,0.3314,-4.9,,,00-0036264,00-0034857,last_starter,d8777dcd07fb6eed
2026-10-04T19:09:47Z,2026_14_PIT_JAX,2026-12-15T01:15:00Z,A4s-2026-c6b394e8,0.6924,,0.6717,5.0,,,00-0036971,00-0023459,last_starter,d8777dcd07fb6eed
2026-10-04T19:09:47Z,2026_15_SF_LAC,2026-12-18T01:15:00Z,A4s-2026-c6b394e8,0.2787,,0.3335,-4.8,,,00-0036355,00-0037834,last_starter,d8777dcd07fb6eed
2026-10-04T19:09:47Z,2026_15_SEA_PHI,2026-12-19T22:00:00Z,A4s-2026-c6b394e8,0.3686,,0.4141,-2.4,,,00-0036389,00-0035704,last_starter,d8777dcd07fb6eed
2026-10-04T19:09:47Z,2026_15_CHI_BUF,2026-12-20T01:20:00Z,A4s-2026-c6b394e8,0.6898,,0.6499,4.3,,,00-0034857,00-0028986,last_starter,d8777dcd07fb6eed
2026-10-04T19:09:47Z,2026_15_ATL_WAS,2026-12-20T18:00:00Z,A4s-2026-c6b394e8,0.4356,,0.4851,-0.4,,,00-0032268,00-0039917,last_starter,d8777dcd07fb6eed
2026-10-04T19:09:47Z,2026_15_BAL_PIT,2026-12-20T18:00:00Z,A4s-2026-c6b394e8,0.4588,,0.5151,0.4,,,00-0023459,00-0034796,last_starter,d8777dcd07fb6eed
2026-10-04T19:09:47Z,2026_15_CIN_CAR,2026-12-20T18:00:00Z,A4s-2026-c6b394e8,0.4126,,0.4487,-1.4,,,00-0039150,00-0036442,last_starter,d8777dcd07fb6eed
2026-10-04T19:09:47Z,2026_15_CLE_NYG,2026-12-20T18:00:00Z,A4s-2026-c6b394e8,0.3501,,0.524,0.7,,,00-0031503,00-0033537,last_starter,d8777dcd07fb6eed
2026-10-04T19:09:47Z,2026_15_IND_TEN,2026-12-20T18:00:00Z,A4s-2026-c6b394e8,0.3365,,0.3451,-4.5,,,00-0040676,00-0035710,last_starter,d8777dcd07fb6eed
2026-10-04T19:09:47Z,2026_15_JAX_HOU,2026-12-20T18:00:00Z,A4s-2026-c6b394e8,0.4299,,0.4385,-1.7,,,00-0039163,00-0036971,last_starter,d8777dcd07fb6eed
2026-10-04T19:09:47Z,2026_15_MIA_GB,2026-12-20T18:00:00Z,A4s-2026-c6b394e8,0.6391,,0.6599,4.6,,,00-0036264,00-0038128,last_starter,d8777dcd07fb6eed
2026-10-04T19:09:47Z,2026_15_NO_TB,2026-12-20T18:00:00Z,A4s-2026-c6b394e8,0.4894,,0.5272,0.8,,,00-0041251,00-0040743,last_starter,d8777dcd07fb6eed
2026-10-04T19:09:47Z,2026_15_NYJ_ARI,2026-12-20T21:05:00Z,A4s-2026-c6b394e8,0.5784,,0.5984,2.8,,,00-0033119,00-0030565,last_starter,d8777dcd07fb6eed
2026-10-04T19:09:47Z,2026_15_DAL_LA,2026-12-20T21:25:00Z,A4s-2026-c6b394e8,0.7093,,0.692,5.6,,,00-0026498,00-0033077,last_starter,d8777dcd07fb6eed
2026-10-04T19:09:47Z,2026_15_DEN_LV,2026-12-20T21:25:00Z,A4s-2026-c6b394e8,0.4077,,0.3695,-3.7,,,00-0029604,00-0039732,last_starter,d8777dcd07fb6eed
2026-10-04T19:09:47Z,2026_15_DET_MIN,2026-12-21T01:20:00Z,A4s-2026-c6b394e8,0.6017,,0.6386,4.0,,,00-0035228,00-0033106,last_starter,d8777dcd07fb6eed
2026-10-04T19:09:47Z,2026_15_NE_KC,2026-12-22T01:15:00Z,A4s-2026-c6b394e8,0.5601,,0.5593,1.7,,,00-0033873,00-0039851,last_starter,d8777dcd07fb6eed
2026-10-04T19:09:47Z,2026_16_HOU_PHI,2026-12-25T01:15:00Z,A4s-2026-c6b394e8,0.5404,,0.5736,2.1,,,00-0036389,00-0039163,last_starter,d8777dcd07fb6eed
2026-10-04T19:09:47Z,2026_16_GB_CHI,2026-12-25T18:00:00Z,A4s-2026-c6b394e8,0.6126,,0.6761,5.1,,,00-0028986,00-0036264,last_starter,d8777dcd07fb6eed
2026-10-04T19:09:47Z,2026_16_BUF_DEN,2026-12-25T21:30:00Z,A4s-2026-c6b394e8,0.489,,0.5025,0.1,,,00-0039732,00-0034857,last_starter,d8777dcd07fb6eed
2026-10-04T19:09:47Z,2026_16_LA_SEA,2026-12-26T01:15:00Z,A4s-2026-c6b394e8,0.6489,,0.6546,4.4,,,00-0035704,00-0026498,last_starter,d8777dcd07fb6eed
2026-10-04T19:09:47Z,2026_16_ARI_NO,2026-12-27T18:00:00Z,A4s-2026-c6b394e8,0.5751,,0.5964,2.7,,,00-0040743,00-0033119,last_starter,d8777dcd07fb6eed
2026-10-04T19:09:47Z,2026_16_CAR_PIT,2026-12-27T18:00:00Z,A4s-2026-c6b394e8,0.6134,,0.6435,4.1,,,00-0023459,00-0039150,last_starter,d8777dcd07fb6eed
2026-10-04T19:09:47Z,2026_16_CIN_IND,2026-12-27T18:00:00Z,A4s-2026-c6b394e8,0.4451,,0.4897,-0.3,,,00-0035710,00-0036442,last_starter,d8777dcd07fb6eed
2026-10-04T19:09:47Z,2026_16_CLE_BAL,2026-12-27T18:00:00Z,A4s-2026-c6b394e8,0.6302,,0.6545,4.4,,,00-0034796,00-0033537,last_starter,d8777dcd07fb6eed
2026-10-04T19:09:47Z,2026_16_LAC_MIA,2026-12-27T18:00:00Z,A4s-2026-c6b394e8,0.4847,,0.4763,-0.7,,,00-0038128,00-0036355,last_starter,d8777dcd07fb6eed
2026-10-04T19:09:47Z,2026_16_NE_NYJ,2026-12-27T18:00:00Z,A4s-2026-c6b394e8,0.3495,,0.3276,-5.0,,,00-0030565,00-0039851,last_starter,d8777dcd07fb6eed
2026-10-04T19:09:47Z,2026_16_TB_ATL,2026-12-27T18:00:00Z,A4s-2026-c6b394e8,0.621,,0.6013,2.9,,,00-0039917,00-0041251,last_starter,d8777dcd07fb6eed
2026-10-04T19:09:47Z,2026_16_WAS_MIN,2026-12-27T18:00:00Z,A4s-2026-c6b394e8,0.7705,,0.7897,9.2,,,00-0035228,00-0032268,last_starter,d8777dcd07fb6eed
2026-10-04T19:09:47Z,2026_16_TEN_LV,2026-12-27T21:05:00Z,A4s-2026-c6b394e8,0.7601,,0.732,7.0,,,00-0029604,00-0040676,last_starter,d8777dcd07fb6eed
2026-10-04T19:09:47Z,2026_16_SF_KC,2026-12-27T21:25:00Z,A4s-2026-c6b394e8,0.4295,,0.4758,-0.7,,,00-0033873,00-0037834,last_starter,d8777dcd07fb6eed
2026-10-04T19:09:47Z,2026_16_JAX_DAL,2026-12-28T01:20:00Z,A4s-2026-c6b394e8,0.3267,,0.3503,-4.3,,,00-0033077,00-0036971,last_starter,d8777dcd07fb6eed
2026-10-04T19:09:47Z,2026_16_NYG_DET,2026-12-29T01:15:00Z,A4s-2026-c6b394e8,0.7679,,0.6864,5.4,,,00-0033106,00-0031503,last_starter,d8777dcd07fb6eed
2026-10-04T19:09:47Z,2026_17_BAL_CIN,2027-01-01T01:15:00Z,A4s-2026-c6b394e8,0.523,,0.5277,0.8,,,00-0036442,00-0034796,last_starter,d8777dcd07fb6eed
2026-10-04T19:09:47Z,2026_17_BUF_MIA,2027-01-03T18:00:00Z,A4s-2026-c6b394e8,0.2501,,0.241,-8.0,,,00-0038128,00-0034857,last_starter,d8777dcd07fb6eed
2026-10-04T19:09:47Z,2026_17_DEN_NE,2027-01-03T18:00:00Z,A4s-2026-c6b394e8,0.4952,,0.487,-0.4,,,00-0039851,00-0039732,last_starter,d8777dcd07fb6eed
2026-10-04T19:09:47Z,2026_17_IND_CLE,2027-01-03T18:00:00Z,A4s-2026-c6b394e8,0.5809,,0.5403,1.1,,,00-0033537,00-0035710,last_starter,d8777dcd07fb6eed
2026-10-04T19:09:47Z,2026_17_KC_LAC,2027-01-03T18:00:00Z,A4s-2026-c6b394e8,0.3812,,0.4067,-2.6,,,00-0036355,00-0033873,last_starter,d8777dcd07fb6eed
2026-10-04T19:09:47Z,2026_17_LA_TB,2027-01-03T18:00:00Z,A4s-2026-c6b394e8,0.3303,,0.3716,-3.7,,,00-0041251,00-0026498,last_starter,d8777dcd07fb6eed
2026-10-04T19:09:47Z,2026_17_MIN_NYJ,2027-01-03T18:00:00Z,A4s-2026-c6b394e8,0.3222,,0.2595,-7.3,,,00-0030565,00-0035228,last_starter,d8777dcd07fb6eed
2026-10-04T19:09:47Z,2026_17_NO_ATL,2027-01-03T18:00:00Z,A4s-2026-c6b394e8,0.5668,,0.5749,2.1,,,00-0039917,00-0040743,last_starter,d8777dcd07fb6eed
2026-10-04T19:09:47Z,2026_17_NYG_DAL,2027-01-03T18:00:00Z,A4s-2026-c6b394e8,0.6702,,0.566,1.8,,,00-0033077,00-0031503,last_starter,d8777dcd07fb6eed
2026-10-04T19:09:47Z,2026_17_PIT_TEN,2027-01-03T18:00:00Z,A4s-2026-c6b394e8,0.3047,,0.2997,-5.9,,,00-0040676,00-0023459,last_starter,d8777dcd07fb6eed
2026-10-04T19:09:47Z,2026_17_SEA_CAR,2027-01-03T18:00:00Z,A4s-2026-c6b394e8,0.277,,0.3033,-5.8,,,00-0039150,00-0035704,last_starter,d8777dcd07fb6eed
2026-10-04T19:09:47Z,2026_17_WAS_JAX,2027-01-03T18:00:00Z,A4s-2026-c6b394e8,0.8021,,0.7839,9.0,,,00-0036971,00-0032268,last_starter,d8777dcd07fb6eed
2026-10-04T19:09:47Z,2026_17_LV_ARI,2027-01-03T21:05:00Z,A4s-2026-c6b394e8,0.4667,,0.486,-0.4,,,00-0033119,00-0029604,last_starter,d8777dcd07fb6eed
2026-10-04T19:09:47Z,2026_17_DET_CHI,2027-01-03T21:25:00Z,A4s-2026-c6b394e8,0.5255,,0.5785,2.2,,,00-0028986,00-0033106,last_starter,d8777dcd07fb6eed
2026-10-04T19:09:47Z,2026_17_PHI_SF,2027-01-04T01:20:00Z,A4s-2026-c6b394e8,0.7075,,0.6557,4.5,,,00-0037834,00-0036389,last_starter,d8777dcd07fb6eed
2026-10-04T19:09:47Z,2026_17_HOU_GB,2027-01-05T01:15:00Z,A4s-2026-c6b394e8,0.4683,,0.4864,-0.4,,,00-0036264,00-0039163,last_starter,d8777dcd07fb6eed
2026-10-04T19:09:47Z,2026_18_ATL_CAR,2027-01-10T18:00:00Z,A4s-2026-c6b394e8,0.5126,,0.5349,1.0,,,00-0039150,00-0039917,last_starter,d8777dcd07fb6eed
2026-10-04T19:09:47Z,2026_18_CHI_MIN,2027-01-10T18:00:00Z,A4s-2026-c6b394e8,0.6208,,0.6155,3.3,,,00-0035228,00-0028986,last_starter,d8777dcd07fb6eed
2026-10-04T19:09:47Z,2026_18_CLE_CIN,2027-01-10T18:00:00Z,A4s-2026-c6b394e8,0.6088,,0.63,3.7,,,00-0036442,00-0033537,last_starter,d8777dcd07fb6eed
2026-10-04T19:09:47Z,2026_18_DAL_WAS,2027-01-10T18:00:00Z,A4s-2026-c6b394e8,0.4679,,0.4956,-0.1,,,00-0032268,00-0033077,last_starter,d8777dcd07fb6eed
2026-10-04T19:09:47Z,2026_18_DET_GB,2027-01-10T18:00:00Z,A4s-2026-c6b394e8,0.4567,,0.4497,-1.4,,,00-0036264,00-0033106,last_starter,d8777dcd07fb6eed
2026-10-04T19:09:47Z,2026_18_JAX_IND,2027-01-10T18:00:00Z,A4s-2026-c6b394e8,0.3562,,0.3803,-3.4,,,00-0035710,00-0036971,last_starter,d8777dcd07fb6eed
2026-10-04T19:09:47Z,2026_18_LAC_DEN,2027-01-10T18:00:00Z,A4s-2026-c6b394e8,0.7296,,0.7431,7.4,,,00-0039732,00-0036355,last_starter,d8777dcd07fb6eed
2026-10-04T19:09:47Z,2026_18_LV_KC,2027-01-10T18:00:00Z,A4s-2026-c6b394e8,0.6447,,0.6727,5.0,,,00-0033873,00-0029604,last_starter,d8777dcd07fb6eed
2026-10-04T19:09:47Z,2026_18_MIA_NE,2027-01-10T18:00:00Z,A4s-2026-c6b394e8,0.7379,,0.7511,7.7,,,00-0039851,00-0038128,last_starter,d8777dcd07fb6eed
2026-10-04T19:09:47Z,2026_18_NYJ_BUF,2027-01-10T18:00:00Z,A4s-2026-c6b394e8,0.8046,,0.8364,11.3,,,00-0034857,00-0030565,last_starter,d8777dcd07fb6eed
2026-10-04T19:09:47Z,2026_18_PHI_NYG,2027-01-10T18:00:00Z,A4s-2026-c6b394e8,0.3179,,0.4306,-1.9,,,00-0031503,00-0036389,last_starter,d8777dcd07fb6eed
2026-10-04T19:09:47Z,2026_18_PIT_BAL,2027-01-10T18:00:00Z,A4s-2026-c6b394e8,0.6296,,0.5926,2.6,,,00-0034796,00-0023459,last_starter,d8777dcd07fb6eed
2026-10-04T19:09:47Z,2026_18_SEA_LA,2027-01-10T18:00:00Z,A4s-2026-c6b394e8,0.4382,,0.4491,-1.4,,,00-0026498,00-0035704,last_starter,d8777dcd07fb6eed
2026-10-04T19:09:47Z,2026_18_SF_ARI,2027-01-10T18:00:00Z,A4s-2026-c6b394e8,0.2663,,0.2946,-6.1,,,00-0033119,00-0037834,last_starter,d8777dcd07fb6eed
2026-10-04T19:09:47Z,2026_18_TB_NO,2027-01-10T18:00:00Z,A4s-2026-c6b394e8,0.6005,,0.5809,2.3,,,00-0040743,00-0041251,last_starter,d8777dcd07fb6eed
2026-10-04T19:09:47Z,2026_18_TEN_HOU,2027-01-10T18:00:00Z,A4s-2026-c6b394e8,0.7947,,0.7887,9.2,,,00-0039163,00-0040676,last_starter,d8777dcd07fb6eed
