run_at_utc,game_id,kickoff_utc,model_version,p_home_shadow,kf_margin,kf_sd,data_hash
2026-10-05T06:37:22Z,2026_04_ATL_NO,2026-10-06T00:15:00Z,C2d-2026-6b53b499,0.5522,2.81,5.48,1632e9b570d5af82
2026-10-05T06:37:22Z,2026_05_TB_DAL,2026-10-09T00:15:00Z,C2d-2026-6b53b499,0.6291,3.78,5.41,1632e9b570d5af82
2026-10-05T06:37:22Z,2026_05_PHI_JAX,2026-10-11T13:30:00Z,C2d-2026-6b53b499,0.7212,9.33,5.39,1632e9b570d5af82
2026-10-05T06:37:22Z,2026_05_CHI_GB,2026-10-11T17:00:00Z,C2d-2026-6b53b499,0.4432,-3.88,5.31,1632e9b570d5af82
2026-10-05T06:37:22Z,2026_05_CIN_MIA,2026-10-11T17:00:00Z,C2d-2026-6b53b499,0.3409,-3.54,5.39,1632e9b570d5af82
2026-10-05T06:37:22Z,2026_05_CLE_NYJ,2026-10-11T17:00:00Z,C2d-2026-6b53b499,0.4315,0.97,5.39,1632e9b570d5af82
2026-10-05T06:37:22Z,2026_05_HOU_TEN,2026-10-11T17:00:00Z,C2d-2026-6b53b499,0.3129,-3.73,5.37,1632e9b570d5af82
2026-10-05T06:37:22Z,2026_05_IND_PIT,2026-10-11T17:00:00Z,C2d-2026-6b53b499,0.5541,0.64,5.39,1632e9b570d5af82
2026-10-05T06:37:22Z,2026_05_LV_NE,2026-10-11T17:00:00Z,C2d-2026-6b53b499,0.6451,5.66,5.37,1632e9b570d5af82
2026-10-05T06:37:22Z,2026_05_MIN_NO,2026-10-11T17:00:00Z,C2d-2026-6b53b499,0.379,-1.86,5.52,1632e9b570d5af82
2026-10-05T06:37:22Z,2026_05_NYG_WAS,2026-10-11T17:00:00Z,C2d-2026-6b53b499,0.5893,0.36,5.37,1632e9b570d5af82
2026-10-05T06:37:22Z,2026_05_DEN_LAC,2026-10-11T20:05:00Z,C2d-2026-6b53b499,0.3809,-1.89,5.36,1632e9b570d5af82
2026-10-05T06:37:22Z,2026_05_DET_ARI,2026-10-11T20:25:00Z,C2d-2026-6b53b499,0.4014,-1.51,5.4,1632e9b570d5af82
2026-10-05T06:37:22Z,2026_05_SF_SEA,2026-10-11T20:25:00Z,C2d-2026-6b53b499,0.564,3.74,5.32,1632e9b570d5af82
2026-10-05T06:37:22Z,2026_05_BAL_ATL,2026-10-12T00:20:00Z,C2d-2026-6b53b499,0.3924,-2.75,5.52,1632e9b570d5af82
2026-10-05T06:37:22Z,2026_05_BUF_LA,2026-10-13T00:15:00Z,C2d-2026-6b53b499,0.5251,2.6,5.36,1632e9b570d5af82
2026-10-05T06:37:22Z,2026_06_SEA_DEN,2026-10-16T00:15:00Z,C2d-2026-6b53b499,0.3901,-3.3,5.35,1632e9b570d5af82
2026-10-05T06:37:22Z,2026_06_HOU_JAX,2026-10-18T13:30:00Z,C2d-2026-6b53b499,0.662,6.68,5.34,1632e9b570d5af82
2026-10-05T06:37:22Z,2026_06_BAL_CLE,2026-10-18T17:00:00Z,C2d-2026-6b53b499,0.4205,-3.88,5.39,1632e9b570d5af82
2026-10-05T06:37:22Z,2026_06_CAR_PHI,2026-10-18T17:00:00Z,C2d-2026-6b53b499,0.5699,1.34,5.38,1632e9b570d5af82
2026-10-05T06:37:22Z,2026_06_CHI_ATL,2026-10-18T17:00:00Z,C2d-2026-6b53b499,0.4293,-4.03,5.48,1632e9b570d5af82
2026-10-05T06:37:22Z,2026_06_NO_NYG,2026-10-18T17:00:00Z,C2d-2026-6b53b499,0.4705,1.7,5.51,1632e9b570d5af82
2026-10-05T06:37:22Z,2026_06_NYJ_NE,2026-10-18T17:00:00Z,C2d-2026-6b53b499,0.7529,8.79,5.35,1632e9b570d5af82
2026-10-05T06:37:22Z,2026_06_PIT_TB,2026-10-18T17:00:00Z,C2d-2026-6b53b499,0.445,0.8,5.36,1632e9b570d5af82
2026-10-05T06:37:22Z,2026_06_TEN_IND,2026-10-18T17:00:00Z,C2d-2026-6b53b499,0.7341,7.42,5.37,1632e9b570d5af82
2026-10-05T06:37:22Z,2026_06_ARI_LA,2026-10-18T20:05:00Z,C2d-2026-6b53b499,0.7632,9.11,5.32,1632e9b570d5af82
2026-10-05T06:37:22Z,2026_06_BUF_LV,2026-10-18T20:25:00Z,C2d-2026-6b53b499,0.3986,-2.42,5.37,1632e9b570d5af82
2026-10-05T06:37:22Z,2026_06_LAC_KC,2026-10-18T20:25:00Z,C2d-2026-6b53b499,0.7247,7.33,5.36,1632e9b570d5af82
2026-10-05T06:37:22Z,2026_06_DAL_GB,2026-10-19T00:20:00Z,C2d-2026-6b53b499,0.5366,0.63,5.4,1632e9b570d5af82
2026-10-05T06:37:22Z,2026_06_WAS_SF,2026-10-20T00:15:00Z,C2d-2026-6b53b499,0.831,9.77,5.39,1632e9b570d5af82
2026-10-05T06:37:22Z,2026_07_NE_CHI,2026-10-23T00:15:00Z,C2d-2026-6b53b499,0.5172,3.12,5.36,1632e9b570d5af82
2026-10-05T06:37:22Z,2026_07_PIT_NO,2026-10-25T13:30:00Z,C2d-2026-6b53b499,0.4538,0.02,5.51,1632e9b570d5af82
2026-10-05T06:37:22Z,2026_07_CIN_BAL,2026-10-25T17:00:00Z,C2d-2026-6b53b499,0.6021,3.9,5.38,1632e9b570d5af82
2026-10-05T06:37:22Z,2026_07_CLE_TEN,2026-10-25T17:00:00Z,C2d-2026-6b53b499,0.3457,-0.41,5.39,1632e9b570d5af82
2026-10-05T06:37:22Z,2026_07_IND_MIN,2026-10-25T17:00:00Z,C2d-2026-6b53b499,0.6822,4.46,5.41,1632e9b570d5af82
2026-10-05T06:37:22Z,2026_07_MIA_NYJ,2026-10-25T17:00:00Z,C2d-2026-6b53b499,0.5726,2.6,5.38,1632e9b570d5af82
2026-10-05T06:37:22Z,2026_07_NYG_HOU,2026-10-25T17:00:00Z,C2d-2026-6b53b499,0.6742,3.6,5.37,1632e9b570d5af82
2026-10-05T06:37:22Z,2026_07_SF_ATL,2026-10-25T17:00:00Z,C2d-2026-6b53b499,0.2878,-4.87,5.5,1632e9b570d5af82
2026-10-05T06:37:22Z,2026_07_TB_CAR,2026-10-25T17:00:00Z,C2d-2026-6b53b499,0.637,4.4,5.35,1632e9b570d5af82
2026-10-05T06:37:22Z,2026_07_DEN_ARI,2026-10-25T20:05:00Z,C2d-2026-6b53b499,0.3434,-2.56,5.36,1632e9b570d5af82
2026-10-05T06:37:22Z,2026_07_GB_DET,2026-10-25T20:25:00Z,C2d-2026-6b53b499,0.6014,4.1,5.36,1632e9b570d5af82
2026-10-05T06:37:22Z,2026_07_LA_LV,2026-10-25T20:25:00Z,C2d-2026-6b53b499,0.419,-3.09,5.38,1632e9b570d5af82
2026-10-05T06:37:22Z,2026_07_KC_SEA,2026-10-26T00:20:00Z,C2d-2026-6b53b499,0.6691,5.57,5.38,1632e9b570d5af82
2026-10-05T06:37:22Z,2026_07_DAL_PHI,2026-10-27T00:15:00Z,C2d-2026-6b53b499,0.5782,1.96,5.36,1632e9b570d5af82
2026-10-05T06:37:22Z,2026_08_CAR_GB,2026-10-30T00:15:00Z,C2d-2026-6b53b499,0.5282,0.02,5.36,1632e9b570d5af82
2026-10-05T06:37:22Z,2026_08_ARI_DAL,2026-11-01T18:00:00Z,C2d-2026-6b53b499,0.6412,4.5,5.38,1632e9b570d5af82
2026-10-05T06:37:22Z,2026_08_ATL_TB,2026-11-01T18:00:00Z,C2d-2026-6b53b499,0.4839,1.53,5.47,1632e9b570d5af82
2026-10-05T06:37:22Z,2026_08_BAL_BUF,2026-11-01T18:00:00Z,C2d-2026-6b53b499,0.582,2.64,5.38,1632e9b570d5af82
2026-10-05T06:37:22Z,2026_08_CLE_PIT,2026-11-01T18:00:00Z,C2d-2026-6b53b499,0.556,3.79,5.13,1632e9b570d5af82
2026-10-05T06:37:22Z,2026_08_IND_JAX,2026-11-01T18:00:00Z,C2d-2026-6b53b499,0.741,8.79,5.37,1632e9b570d5af82
2026-10-05T06:37:22Z,2026_08_LV_NYJ,2026-11-01T18:00:00Z,C2d-2026-6b53b499,0.4179,-1.2,5.4,1632e9b570d5af82
2026-10-05T06:37:22Z,2026_08_MIN_DET,2026-11-01T18:00:00Z,C2d-2026-6b53b499,0.4413,-0.29,5.38,1632e9b570d5af82
2026-10-05T06:37:22Z,2026_08_TEN_CIN,2026-11-01T18:00:00Z,C2d-2026-6b53b499,0.7831,8.11,5.4,1632e9b570d5af82
2026-10-05T06:37:22Z,2026_08_LAC_LA,2026-11-01T21:05:00Z,C2d-2026-6b53b499,0.7326,8.44,5.37,1632e9b570d5af82
2026-10-05T06:37:22Z,2026_08_KC_DEN,2026-11-01T21:25:00Z,C2d-2026-6b53b499,0.5181,0.34,5.19,1632e9b570d5af82
2026-10-05T06:37:22Z,2026_08_NE_MIA,2026-11-01T21:25:00Z,C2d-2026-6b53b499,0.299,-5.6,5.36,1632e9b570d5af82
2026-10-05T06:37:22Z,2026_08_PHI_WAS,2026-11-02T01:20:00Z,C2d-2026-6b53b499,0.4116,-0.6,5.19,1632e9b570d5af82
2026-10-05T06:37:22Z,2026_08_CHI_SEA,2026-11-03T01:15:00Z,C2d-2026-6b53b499,0.7066,4.57,5.36,1632e9b570d5af82
2026-10-05T06:37:22Z,2026_09_JAX_BAL,2026-11-06T01:15:00Z,C2d-2026-6b53b499,0.4541,-2.26,5.39,1632e9b570d5af82
2026-10-05T06:37:22Z,2026_09_CIN_ATL,2026-11-08T14:30:00Z,C2d-2026-6b53b499,0.3902,-2.71,5.5,1632e9b570d5af82
2026-10-05T06:37:22Z,2026_09_CLE_NO,2026-11-08T18:00:00Z,C2d-2026-6b53b499,0.5233,3.81,5.52,1632e9b570d5af82
2026-10-05T06:37:22Z,2026_09_DAL_IND,2026-11-08T18:00:00Z,C2d-2026-6b53b499,0.5535,2.5,5.35,1632e9b570d5af82
2026-10-05T06:37:22Z,2026_09_DEN_CAR,2026-11-08T18:00:00Z,C2d-2026-6b53b499,0.4456,0.63,5.38,1632e9b570d5af82
2026-10-05T06:37:22Z,2026_09_DET_MIA,2026-11-08T18:00:00Z,C2d-2026-6b53b499,0.366,-3.15,5.4,1632e9b570d5af82
2026-10-05T06:37:22Z,2026_09_LA_WAS,2026-11-08T18:00:00Z,C2d-2026-6b53b499,0.3065,-5.19,5.36,1632e9b570d5af82
2026-10-05T06:37:22Z,2026_09_NYG_PHI,2026-11-08T18:00:00Z,C2d-2026-6b53b499,0.6655,2.89,5.35,1632e9b570d5af82
2026-10-05T06:37:22Z,2026_09_NYJ_KC,2026-11-08T18:00:00Z,C2d-2026-6b53b499,0.7636,8.97,5.41,1632e9b570d5af82
2026-10-05T06:37:22Z,2026_09_HOU_LAC,2026-11-08T21:05:00Z,C2d-2026-6b53b499,0.4454,-0.71,5.35,1632e9b570d5af82
2026-10-05T06:37:22Z,2026_09_LV_SF,2026-11-08T21:05:00Z,C2d-2026-6b53b499,0.7509,7.68,5.37,1632e9b570d5af82
2026-10-05T06:37:22Z,2026_09_ARI_SEA,2026-11-08T21:25:00Z,C2d-2026-6b53b499,0.8388,11.64,5.15,1632e9b570d5af82
2026-10-05T06:37:22Z,2026_09_GB_NE,2026-11-08T21:25:00Z,C2d-2026-6b53b499,0.6712,6.55,5.37,1632e9b570d5af82
2026-10-05T06:37:22Z,2026_09_TB_CHI,2026-11-09T01:20:00Z,C2d-2026-6b53b499,0.7116,8.29,5.36,1632e9b570d5af82
2026-10-05T06:37:22Z,2026_09_BUF_MIN,2026-11-10T01:15:00Z,C2d-2026-6b53b499,0.53,1.08,5.39,1632e9b570d5af82
2026-10-05T06:37:22Z,2026_10_WAS_NYG,2026-11-13T01:15:00Z,C2d-2026-6b53b499,0.5558,3.5,5.37,1632e9b570d5af82
2026-10-05T06:37:22Z,2026_10_NE_DET,2026-11-15T14:30:00Z,C2d-2026-6b53b499,0.4119,-2.45,5.35,1632e9b570d5af82
2026-10-05T06:37:22Z,2026_10_BUF_NYJ,2026-11-15T18:00:00Z,C2d-2026-6b53b499,0.2834,-5.55,5.35,1632e9b570d5af82
2026-10-05T06:37:22Z,2026_10_CAR_NO,2026-11-15T18:00:00Z,C2d-2026-6b53b499,0.5204,0.62,5.48,1632e9b570d5af82
2026-10-05T06:37:22Z,2026_10_HOU_CLE,2026-11-15T18:00:00Z,C2d-2026-6b53b499,0.5091,-1.39,5.38,1632e9b570d5af82
2026-10-05T06:37:22Z,2026_10_JAX_TEN,2026-11-15T18:00:00Z,C2d-2026-6b53b499,0.1806,-10.41,5.37,1632e9b570d5af82
2026-10-05T06:37:22Z,2026_10_KC_ATL,2026-11-15T18:00:00Z,C2d-2026-6b53b499,0.3872,-3.03,5.53,1632e9b570d5af82
2026-10-05T06:37:22Z,2026_10_MIA_IND,2026-11-15T18:00:00Z,C2d-2026-6b53b499,0.6815,6.71,5.38,1632e9b570d5af82
2026-10-05T06:37:22Z,2026_10_MIN_GB,2026-11-15T18:00:00Z,C2d-2026-6b53b499,0.3864,-2.46,5.17,1632e9b570d5af82
2026-10-05T06:37:22Z,2026_10_LA_ARI,2026-11-15T21:05:00Z,C2d-2026-6b53b499,0.3099,-5.25,5.32,1632e9b570d5af82
2026-10-05T06:37:22Z,2026_10_SEA_LV,2026-11-15T21:05:00Z,C2d-2026-6b53b499,0.3087,-5.63,5.36,1632e9b570d5af82
2026-10-05T06:37:22Z,2026_10_SF_DAL,2026-11-15T21:25:00Z,C2d-2026-6b53b499,0.3076,-3.41,5.39,1632e9b570d5af82
2026-10-05T06:37:22Z,2026_10_PIT_CIN,2026-11-16T01:20:00Z,C2d-2026-6b53b499,0.6036,3.91,5.16,1632e9b570d5af82
2026-10-05T06:37:22Z,2026_10_LAC_BAL,2026-11-17T01:15:00Z,C2d-2026-6b53b499,0.7203,7.06,5.39,1632e9b570d5af82
2026-10-05T06:37:22Z,2026_11_IND_HOU,2026-11-20T01:15:00Z,C2d-2026-6b53b499,0.5806,2.1,5.14,1632e9b570d5af82
2026-10-05T06:37:22Z,2026_11_ARI_KC,2026-11-22T18:00:00Z,C2d-2026-6b53b499,0.7558,8.0,5.4,1632e9b570d5af82
2026-10-05T06:37:22Z,2026_11_BAL_CAR,2026-11-22T18:00:00Z,C2d-2026-6b53b499,0.4234,-0.69,5.4,1632e9b570d5af82
2026-10-05T06:37:22Z,2026_11_JAX_NYG,2026-11-22T18:00:00Z,C2d-2026-6b53b499,0.2527,-6.42,5.4,1632e9b570d5af82
2026-10-05T06:37:22Z,2026_11_MIA_BUF,2026-11-22T18:00:00Z,C2d-2026-6b53b499,0.8029,10.08,5.37,1632e9b570d5af82
2026-10-05T06:37:22Z,2026_11_NO_CHI,2026-11-22T18:00:00Z,C2d-2026-6b53b499,0.6523,7.13,5.5,1632e9b570d5af82
2026-10-05T06:37:22Z,2026_11_TB_DET,2026-11-22T18:00:00Z,C2d-2026-6b53b499,0.6719,4.65,5.39,1632e9b570d5af82
2026-10-05T06:37:22Z,2026_11_TEN_DAL,2026-11-22T18:00:00Z,C2d-2026-6b53b499,0.7282,6.85,5.37,1632e9b570d5af82
2026-10-05T06:37:22Z,2026_11_NYJ_LAC,2026-11-22T21:05:00Z,C2d-2026-6b53b499,0.5962,3.57,5.39,1632e9b570d5af82
2026-10-05T06:37:22Z,2026_11_LV_DEN,2026-11-22T21:25:00Z,C2d-2026-6b53b499,0.6327,4.26,5.35,1632e9b570d5af82
2026-10-05T06:37:22Z,2026_11_PIT_PHI,2026-11-22T21:25:00Z,C2d-2026-6b53b499,0.563,2.68,5.39,1632e9b570d5af82
2026-10-05T06:37:22Z,2026_11_MIN_SF,2026-11-23T01:20:00Z,C2d-2026-6b53b499,0.5826,2.25,5.37,1632e9b570d5af82
2026-10-05T06:37:22Z,2026_11_CIN_WAS,2026-11-24T01:15:00Z,C2d-2026-6b53b499,0.3717,-1.83,5.41,1632e9b570d5af82
2026-10-05T06:37:22Z,2026_12_GB_LA,2026-11-26T01:00:00Z,C2d-2026-6b53b499,0.6926,7.84,5.37,1632e9b570d5af82
2026-10-05T06:37:22Z,2026_12_CHI_DET,2026-11-26T18:00:00Z,C2d-2026-6b53b499,0.4996,-1.7,5.33,1632e9b570d5af82
2026-10-05T06:37:22Z,2026_12_PHI_DAL,2026-11-26T21:30:00Z,C2d-2026-6b53b499,0.5135,1.9,5.36,1632e9b570d5af82
2026-10-05T06:37:22Z,2026_12_KC_BUF,2026-11-27T01:20:00Z,C2d-2026-6b53b499,0.5767,2.37,5.38,1632e9b570d5af82
2026-10-05T06:37:22Z,2026_12_DEN_PIT,2026-11-27T20:00:00Z,C2d-2026-6b53b499,0.4526,-0.71,5.38,1632e9b570d5af82
2026-10-05T06:37:22Z,2026_12_ATL_MIN,2026-11-29T18:00:00Z,C2d-2026-6b53b499,0.7085,6.48,5.5,1632e9b570d5af82
2026-10-05T06:37:22Z,2026_12_BAL_HOU,2026-11-29T18:00:00Z,C2d-2026-6b53b499,0.457,-0.56,5.34,1632e9b570d5af82
2026-10-05T06:37:22Z,2026_12_LV_CLE,2026-11-29T18:00:00Z,C2d-2026-6b53b499,0.5322,-0.24,5.4,1632e9b570d5af82
2026-10-05T06:37:22Z,2026_12_NO_CIN,2026-11-29T18:00:00Z,C2d-2026-6b53b499,0.6347,3.89,5.52,1632e9b570d5af82
2026-10-05T06:37:22Z,2026_12_NYG_IND,2026-11-29T18:00:00Z,C2d-2026-6b53b499,0.6427,3.43,5.4,1632e9b570d5af82
2026-10-05T06:37:22Z,2026_12_NYJ_MIA,2026-11-29T18:00:00Z,C2d-2026-6b53b499,0.5193,1.26,5.38,1632e9b570d5af82
2026-10-05T06:37:22Z,2026_12_TEN_JAX,2026-11-29T21:05:00Z,C2d-2026-6b53b499,0.8679,14.27,5.37,1632e9b570d5af82
2026-10-05T06:37:22Z,2026_12_SEA_SF,2026-11-29T21:25:00Z,C2d-2026-6b53b499,0.528,0.12,5.31,1632e9b570d5af82
2026-10-05T06:37:22Z,2026_12_WAS_ARI,2026-11-29T21:25:00Z,C2d-2026-6b53b499,0.55,1.86,5.39,1632e9b570d5af82
2026-10-05T06:37:22Z,2026_12_NE_LAC,2026-11-30T01:20:00Z,C2d-2026-6b53b499,0.3683,-3.28,5.31,1632e9b570d5af82
2026-10-05T06:37:22Z,2026_12_CAR_TB,2026-12-01T01:15:00Z,C2d-2026-6b53b499,0.452,-0.54,5.35,1632e9b570d5af82
2026-10-05T06:37:22Z,2026_13_KC_LA,2026-12-04T01:15:00Z,C2d-2026-6b53b499,0.556,3.04,5.37,1632e9b570d5af82
2026-10-05T06:37:22Z,2026_13_CIN_CLE,2026-12-06T18:00:00Z,C2d-2026-6b53b499,0.4772,-1.91,5.33,1632e9b570d5af82
2026-10-05T06:37:22Z,2026_13_DET_ATL,2026-12-06T18:00:00Z,C2d-2026-6b53b499,0.4755,-0.4,5.49,1632e9b570d5af82
2026-10-05T06:37:22Z,2026_13_GB_NO,2026-12-06T18:00:00Z,C2d-2026-6b53b499,0.5383,2.53,5.51,1632e9b570d5af82
2026-10-05T06:37:22Z,2026_13_JAX_CHI,2026-12-06T18:00:00Z,C2d-2026-6b53b499,0.4166,-0.99,5.38,1632e9b570d5af82
2026-10-05T06:37:22Z,2026_13_LAC_TB,2026-12-06T18:00:00Z,C2d-2026-6b53b499,0.5187,1.97,5.4,1632e9b570d5af82
2026-10-05T06:37:22Z,2026_13_SF_NYG,2026-12-06T18:00:00Z,C2d-2026-6b53b499,0.2343,-4.34,5.35,1632e9b570d5af82
2026-10-05T06:37:22Z,2026_13_WAS_TEN,2026-12-06T18:00:00Z,C2d-2026-6b53b499,0.4491,-0.49,5.38,1632e9b570d5af82
2026-10-05T06:37:22Z,2026_13_MIA_DEN,2026-12-06T21:05:00Z,C2d-2026-6b53b499,0.7628,8.06,5.35,1632e9b570d5af82
2026-10-05T06:37:22Z,2026_13_PHI_ARI,2026-12-06T21:05:00Z,C2d-2026-6b53b499,0.4154,-0.67,5.39,1632e9b570d5af82
2026-10-05T06:37:22Z,2026_13_BUF_NE,2026-12-06T21:25:00Z,C2d-2026-6b53b499,0.5004,1.3,5.1,1632e9b570d5af82
2026-10-05T06:37:22Z,2026_13_CAR_MIN,2026-12-06T21:25:00Z,C2d-2026-6b53b499,0.6814,4.41,5.38,1632e9b570d5af82
2026-10-05T06:37:22Z,2026_13_HOU_PIT,2026-12-07T01:20:00Z,C2d-2026-6b53b499,0.5191,0.47,5.35,1632e9b570d5af82
2026-10-05T06:37:22Z,2026_13_DAL_SEA,2026-12-08T01:15:00Z,C2d-2026-6b53b499,0.7779,9.08,5.36,1632e9b570d5af82
2026-10-05T06:37:22Z,2026_14_MIN_NE,2026-12-11T01:15:00Z,C2d-2026-6b53b499,0.5166,2.15,5.38,1632e9b570d5af82
2026-10-05T06:37:22Z,2026_14_ATL_CLE,2026-12-13T18:00:00Z,C2d-2026-6b53b499,0.5747,0.81,5.48,1632e9b570d5af82
2026-10-05T06:37:22Z,2026_14_CHI_MIA,2026-12-13T18:00:00Z,C2d-2026-6b53b499,0.3238,-6.79,5.37,1632e9b570d5af82
2026-10-05T06:37:22Z,2026_14_DEN_NYJ,2026-12-13T18:00:00Z,C2d-2026-6b53b499,0.3339,-3.53,5.38,1632e9b570d5af82
2026-10-05T06:37:22Z,2026_14_HOU_WAS,2026-12-13T18:00:00Z,C2d-2026-6b53b499,0.402,-1.31,5.35,1632e9b570d5af82
2026-10-05T06:37:22Z,2026_14_IND_PHI,2026-12-13T18:00:00Z,C2d-2026-6b53b499,0.5709,1.39,5.38,1632e9b570d5af82
2026-10-05T06:37:22Z,2026_14_NO_CAR,2026-12-13T18:00:00Z,C2d-2026-6b53b499,0.5715,3.24,5.48,1632e9b570d5af82
2026-10-05T06:37:22Z,2026_14_TB_BAL,2026-12-13T18:00:00Z,C2d-2026-6b53b499,0.7419,7.01,5.4,1632e9b570d5af82
2026-10-05T06:37:22Z,2026_14_TEN_DET,2026-12-13T18:00:00Z,C2d-2026-6b53b499,0.7639,7.72,5.38,1632e9b570d5af82
2026-10-05T06:37:22Z,2026_14_LAC_LV,2026-12-13T21:05:00Z,C2d-2026-6b53b499,0.6216,3.42,5.18,1632e9b570d5af82
2026-10-05T06:37:22Z,2026_14_KC_CIN,2026-12-13T21:25:00Z,C2d-2026-6b53b499,0.4834,-0.32,5.41,1632e9b570d5af82
2026-10-05T06:37:22Z,2026_14_LA_SF,2026-12-13T21:25:00Z,C2d-2026-6b53b499,0.6437,2.66,5.15,1632e9b570d5af82
2026-10-05T06:37:22Z,2026_14_NYG_SEA,2026-12-13T21:25:00Z,C2d-2026-6b53b499,0.8356,10.01,5.36,1632e9b570d5af82
2026-10-05T06:37:22Z,2026_14_BUF_GB,2026-12-14T01:20:00Z,C2d-2026-6b53b499,0.3712,-3.31,5.38,1632e9b570d5af82
2026-10-05T06:37:22Z,2026_14_PIT_JAX,2026-12-15T01:15:00Z,C2d-2026-6b53b499,0.7348,10.07,5.33,1632e9b570d5af82
2026-10-05T06:37:22Z,2026_15_SF_LAC,2026-12-18T01:15:00Z,C2d-2026-6b53b499,0.2601,-5.31,5.36,1632e9b570d5af82
2026-10-05T06:37:22Z,2026_15_SEA_PHI,2026-12-19T22:00:00Z,C2d-2026-6b53b499,0.3201,-5.19,5.35,1632e9b570d5af82
2026-10-05T06:37:22Z,2026_15_CHI_BUF,2026-12-20T01:20:00Z,C2d-2026-6b53b499,0.6186,1.37,5.37,1632e9b570d5af82
2026-10-05T06:37:22Z,2026_15_ATL_WAS,2026-12-20T18:00:00Z,C2d-2026-6b53b499,0.4669,0.88,5.52,1632e9b570d5af82
2026-10-05T06:37:22Z,2026_15_BAL_PIT,2026-12-20T18:00:00Z,C2d-2026-6b53b499,0.4303,-2.02,5.37,1632e9b570d5af82
2026-10-05T06:37:22Z,2026_15_CIN_CAR,2026-12-20T18:00:00Z,C2d-2026-6b53b499,0.4802,1.28,5.39,1632e9b570d5af82
2026-10-05T06:37:22Z,2026_15_CLE_NYG,2026-12-20T18:00:00Z,C2d-2026-6b53b499,0.4478,3.58,5.41,1632e9b570d5af82
2026-10-05T06:37:22Z,2026_15_IND_TEN,2026-12-20T18:00:00Z,C2d-2026-6b53b499,0.3439,-3.56,5.37,1632e9b570d5af82
2026-10-05T06:37:22Z,2026_15_JAX_HOU,2026-12-20T18:00:00Z,C2d-2026-6b53b499,0.3679,-4.75,5.34,1632e9b570d5af82
2026-10-05T06:37:22Z,2026_15_MIA_GB,2026-12-20T18:00:00Z,C2d-2026-6b53b499,0.6666,4.84,5.38,1632e9b570d5af82
2026-10-05T06:37:22Z,2026_15_NO_TB,2026-12-20T18:00:00Z,C2d-2026-6b53b499,0.4777,0.77,5.5,1632e9b570d5af82
2026-10-05T06:37:22Z,2026_15_NYJ_ARI,2026-12-20T21:05:00Z,C2d-2026-6b53b499,0.5566,2.9,5.4,1632e9b570d5af82
2026-10-05T06:37:22Z,2026_15_DAL_LA,2026-12-20T21:25:00Z,C2d-2026-6b53b499,0.6845,6.54,5.37,1632e9b570d5af82
2026-10-05T06:37:22Z,2026_15_DEN_LV,2026-12-20T21:25:00Z,C2d-2026-6b53b499,0.4565,-0.4,5.35,1632e9b570d5af82
2026-10-05T06:37:22Z,2026_15_DET_MIN,2026-12-21T01:20:00Z,C2d-2026-6b53b499,0.6469,4.15,5.38,1632e9b570d5af82
2026-10-05T06:37:22Z,2026_15_NE_KC,2026-12-22T01:15:00Z,C2d-2026-6b53b499,0.5605,2.12,5.37,1632e9b570d5af82
2026-10-05T06:37:22Z,2026_16_HOU_PHI,2026-12-25T01:15:00Z,C2d-2026-6b53b499,0.5362,1.21,5.38,1632e9b570d5af82
2026-10-05T06:37:22Z,2026_16_GB_CHI,2026-12-25T18:00:00Z,C2d-2026-6b53b499,0.6451,7.74,5.31,1632e9b570d5af82
2026-10-05T06:37:22Z,2026_16_BUF_DEN,2026-12-25T21:30:00Z,C2d-2026-6b53b499,0.487,-0.09,5.35,1632e9b570d5af82
2026-10-05T06:37:22Z,2026_16_LA_SEA,2026-12-26T01:15:00Z,C2d-2026-6b53b499,0.6602,4.46,5.32,1632e9b570d5af82
2026-10-05T06:37:22Z,2026_16_ARI_NO,2026-12-27T18:00:00Z,C2d-2026-6b53b499,0.6251,3.8,5.52,1632e9b570d5af82
2026-10-05T06:37:22Z,2026_16_CAR_PIT,2026-12-27T18:00:00Z,C2d-2026-6b53b499,0.5531,0.59,5.35,1632e9b570d5af82
2026-10-05T06:37:22Z,2026_16_CIN_IND,2026-12-27T18:00:00Z,C2d-2026-6b53b499,0.4792,1.24,5.39,1632e9b570d5af82
2026-10-05T06:37:22Z,2026_16_CLE_BAL,2026-12-27T18:00:00Z,C2d-2026-6b53b499,0.666,7.74,5.39,1632e9b570d5af82
2026-10-05T06:37:22Z,2026_16_LAC_MIA,2026-12-27T18:00:00Z,C2d-2026-6b53b499,0.4681,-0.38,5.37,1632e9b570d5af82
2026-10-05T06:37:22Z,2026_16_NE_NYJ,2026-12-27T18:00:00Z,C2d-2026-6b53b499,0.322,-4.93,5.35,1632e9b570d5af82
2026-10-05T06:37:22Z,2026_16_TB_ATL,2026-12-27T18:00:00Z,C2d-2026-6b53b499,0.6068,2.33,5.48,1632e9b570d5af82
2026-10-05T06:37:22Z,2026_16_WAS_MIN,2026-12-27T18:00:00Z,C2d-2026-6b53b499,0.7695,7.53,5.39,1632e9b570d5af82
2026-10-05T06:37:22Z,2026_16_TEN_LV,2026-12-27T21:05:00Z,C2d-2026-6b53b499,0.7434,6.44,5.39,1632e9b570d5af82
2026-10-05T06:37:22Z,2026_16_SF_KC,2026-12-27T21:25:00Z,C2d-2026-6b53b499,0.4348,0.09,5.36,1632e9b570d5af82
2026-10-05T06:37:22Z,2026_16_JAX_DAL,2026-12-28T01:20:00Z,C2d-2026-6b53b499,0.3292,-5.49,5.4,1632e9b570d5af82
2026-10-05T06:37:22Z,2026_16_NYG_DET,2026-12-29T01:15:00Z,C2d-2026-6b53b499,0.6782,3.73,5.39,1632e9b570d5af82
2026-10-05T06:37:22Z,2026_17_BAL_CIN,2027-01-01T01:15:00Z,C2d-2026-6b53b499,0.4888,-0.04,5.38,1632e9b570d5af82
2026-10-05T06:37:22Z,2026_17_BUF_MIA,2027-01-03T18:00:00Z,C2d-2026-6b53b499,0.2621,-6.22,5.37,1632e9b570d5af82
2026-10-05T06:37:22Z,2026_17_DEN_NE,2027-01-03T18:00:00Z,C2d-2026-6b53b499,0.5594,3.33,5.32,1632e9b570d5af82
2026-10-05T06:37:22Z,2026_17_IND_CLE,2027-01-03T18:00:00Z,C2d-2026-6b53b499,0.5441,-1.21,5.41,1632e9b570d5af82
2026-10-05T06:37:22Z,2026_17_KC_LAC,2027-01-03T18:00:00Z,C2d-2026-6b53b499,0.3548,-3.47,5.36,1632e9b570d5af82
2026-10-05T06:37:22Z,2026_17_LA_TB,2027-01-03T18:00:00Z,C2d-2026-6b53b499,0.3212,-4.53,5.37,1632e9b570d5af82
2026-10-05T06:37:22Z,2026_17_MIN_NYJ,2027-01-03T18:00:00Z,C2d-2026-6b53b499,0.2968,-4.7,5.37,1632e9b570d5af82
2026-10-05T06:37:22Z,2026_17_NO_ATL,2027-01-03T18:00:00Z,C2d-2026-6b53b499,0.5399,1.17,5.6,1632e9b570d5af82
2026-10-05T06:37:22Z,2026_17_NYG_DAL,2027-01-03T18:00:00Z,C2d-2026-6b53b499,0.6358,2.86,5.2,1632e9b570d5af82
2026-10-05T06:37:22Z,2026_17_PIT_TEN,2027-01-03T18:00:00Z,C2d-2026-6b53b499,0.3366,-2.27,5.39,1632e9b570d5af82
2026-10-05T06:37:22Z,2026_17_SEA_CAR,2027-01-03T18:00:00Z,C2d-2026-6b53b499,0.2994,-4.6,5.36,1632e9b570d5af82
2026-10-05T06:37:22Z,2026_17_WAS_JAX,2027-01-03T18:00:00Z,C2d-2026-6b53b499,0.8165,11.86,5.4,1632e9b570d5af82
2026-10-05T06:37:22Z,2026_17_LV_ARI,2027-01-03T21:05:00Z,C2d-2026-6b53b499,0.4283,-0.23,5.39,1632e9b570d5af82
2026-10-05T06:37:22Z,2026_17_DET_CHI,2027-01-03T21:25:00Z,C2d-2026-6b53b499,0.5918,5.56,5.33,1632e9b570d5af82
2026-10-05T06:37:22Z,2026_17_PHI_SF,2027-01-04T01:20:00Z,C2d-2026-6b53b499,0.7409,7.24,5.35,1632e9b570d5af82
2026-10-05T06:37:22Z,2026_17_HOU_GB,2027-01-05T01:15:00Z,C2d-2026-6b53b499,0.4941,-0.11,5.39,1632e9b570d5af82
2026-10-05T06:37:22Z,2026_18_ATL_CAR,2027-01-10T18:00:00Z,C2d-2026-6b53b499,0.5776,4.0,5.28,1632e9b570d5af82
2026-10-05T06:37:22Z,2026_18_CHI_MIN,2027-01-10T18:00:00Z,C2d-2026-6b53b499,0.6032,0.52,5.18,1632e9b570d5af82
2026-10-05T06:37:22Z,2026_18_CLE_CIN,2027-01-10T18:00:00Z,C2d-2026-6b53b499,0.6132,5.77,5.33,1632e9b570d5af82
2026-10-05T06:37:22Z,2026_18_DAL_WAS,2027-01-10T18:00:00Z,C2d-2026-6b53b499,0.4435,-0.57,5.18,1632e9b570d5af82
2026-10-05T06:37:22Z,2026_18_DET_GB,2027-01-10T18:00:00Z,C2d-2026-6b53b499,0.4896,-0.24,5.36,1632e9b570d5af82
2026-10-05T06:37:22Z,2026_18_JAX_IND,2027-01-10T18:00:00Z,C2d-2026-6b53b499,0.3358,-4.93,5.37,1632e9b570d5af82
2026-10-05T06:37:22Z,2026_18_LAC_DEN,2027-01-10T18:00:00Z,C2d-2026-6b53b499,0.7017,5.74,5.35,1632e9b570d5af82
2026-10-05T06:37:22Z,2026_18_LV_KC,2027-01-10T18:00:00Z,C2d-2026-6b53b499,0.6584,5.85,5.13,1632e9b570d5af82
2026-10-05T06:37:22Z,2026_18_MIA_NE,2027-01-10T18:00:00Z,C2d-2026-6b53b499,0.7723,9.46,5.36,1632e9b570d5af82
2026-10-05T06:37:22Z,2026_18_NYJ_BUF,2027-01-10T18:00:00Z,C2d-2026-6b53b499,0.7853,9.41,5.35,1632e9b570d5af82
2026-10-05T06:37:22Z,2026_18_PHI_NYG,2027-01-10T18:00:00Z,C2d-2026-6b53b499,0.4211,0.97,5.35,1632e9b570d5af82
2026-10-05T06:37:22Z,2026_18_PIT_BAL,2027-01-10T18:00:00Z,C2d-2026-6b53b499,0.6571,5.88,5.37,1632e9b570d5af82
2026-10-05T06:37:22Z,2026_18_SEA_LA,2027-01-10T18:00:00Z,C2d-2026-6b53b499,0.4269,-0.6,5.32,1632e9b570d5af82
2026-10-05T06:37:22Z,2026_18_SF_ARI,2027-01-10T18:00:00Z,C2d-2026-6b53b499,0.2301,-5.98,5.16,1632e9b570d5af82
2026-10-05T06:37:22Z,2026_18_TB_NO,2027-01-10T18:00:00Z,C2d-2026-6b53b499,0.6127,3.08,5.5,1632e9b570d5af82
2026-10-05T06:37:22Z,2026_18_TEN_HOU,2027-01-10T18:00:00Z,C2d-2026-6b53b499,0.7606,7.59,5.37,1632e9b570d5af82
2026-10-07T19:50:38Z,2026_05_TB_DAL,2026-10-09T00:15:00Z,C2d-2026-6b53b499,0.6283,3.74,5.41,bd38e2433374c6c2
2026-10-07T19:50:38Z,2026_05_PHI_JAX,2026-10-11T13:30:00Z,C2d-2026-6b53b499,0.7211,9.33,5.39,bd38e2433374c6c2
2026-10-07T19:50:38Z,2026_05_CHI_GB,2026-10-11T17:00:00Z,C2d-2026-6b53b499,0.4741,-3.73,5.31,bd38e2433374c6c2
2026-10-07T19:50:38Z,2026_05_CIN_MIA,2026-10-11T17:00:00Z,C2d-2026-6b53b499,0.3402,-3.57,5.39,bd38e2433374c6c2
2026-10-07T19:50:38Z,2026_05_CLE_NYJ,2026-10-11T17:00:00Z,C2d-2026-6b53b499,0.4308,0.94,5.39,bd38e2433374c6c2
2026-10-07T19:50:38Z,2026_05_HOU_TEN,2026-10-11T17:00:00Z,C2d-2026-6b53b499,0.3124,-3.76,5.37,bd38e2433374c6c2
2026-10-07T19:50:38Z,2026_05_IND_PIT,2026-10-11T17:00:00Z,C2d-2026-6b53b499,0.5561,0.78,5.39,bd38e2433374c6c2
2026-10-07T19:50:38Z,2026_05_LV_NE,2026-10-11T17:00:00Z,C2d-2026-6b53b499,0.6475,5.83,5.37,bd38e2433374c6c2
2026-10-07T19:50:38Z,2026_05_MIN_NO,2026-10-11T17:00:00Z,C2d-2026-6b53b499,0.3254,-3.83,5.4,bd38e2433374c6c2
2026-10-07T19:50:38Z,2026_05_NYG_WAS,2026-10-11T17:00:00Z,C2d-2026-6b53b499,0.5891,0.36,5.37,bd38e2433374c6c2
2026-10-07T19:50:38Z,2026_05_DEN_LAC,2026-10-11T20:05:00Z,C2d-2026-6b53b499,0.3804,-1.9,5.36,bd38e2433374c6c2
2026-10-07T19:50:38Z,2026_05_DET_ARI,2026-10-11T20:25:00Z,C2d-2026-6b53b499,0.4031,-1.39,5.4,bd38e2433374c6c2
2026-10-07T19:50:38Z,2026_05_SF_SEA,2026-10-11T20:25:00Z,C2d-2026-6b53b499,0.5637,3.73,5.32,bd38e2433374c6c2
2026-10-07T19:50:38Z,2026_05_BAL_ATL,2026-10-12T00:20:00Z,C2d-2026-6b53b499,0.4635,-0.66,5.38,bd38e2433374c6c2
2026-10-07T19:50:38Z,2026_05_BUF_LA,2026-10-13T00:15:00Z,C2d-2026-6b53b499,0.5251,2.61,5.36,bd38e2433374c6c2
2026-10-07T19:50:38Z,2026_06_SEA_DEN,2026-10-16T00:15:00Z,C2d-2026-6b53b499,0.3897,-3.31,5.35,bd38e2433374c6c2
2026-10-07T19:50:38Z,2026_06_HOU_JAX,2026-10-18T13:30:00Z,C2d-2026-6b53b499,0.6621,6.69,5.34,bd38e2433374c6c2
2026-10-07T19:50:38Z,2026_06_BAL_CLE,2026-10-18T17:00:00Z,C2d-2026-6b53b499,0.4229,-3.71,5.39,bd38e2433374c6c2
2026-10-07T19:50:38Z,2026_06_CAR_PHI,2026-10-18T17:00:00Z,C2d-2026-6b53b499,0.5675,1.2,5.37,bd38e2433374c6c2
2026-10-07T19:50:38Z,2026_06_CHI_ATL,2026-10-18T17:00:00Z,C2d-2026-6b53b499,0.4991,-2.09,5.37,bd38e2433374c6c2
2026-10-07T19:50:38Z,2026_06_NO_NYG,2026-10-18T17:00:00Z,C2d-2026-6b53b499,0.5284,3.64,5.4,bd38e2433374c6c2
2026-10-07T19:50:38Z,2026_06_NYJ_NE,2026-10-18T17:00:00Z,C2d-2026-6b53b499,0.7528,8.79,5.35,bd38e2433374c6c2
2026-10-07T19:50:38Z,2026_06_PIT_TB,2026-10-18T17:00:00Z,C2d-2026-6b53b499,0.4429,0.68,5.36,bd38e2433374c6c2
2026-10-07T19:50:38Z,2026_06_TEN_IND,2026-10-18T17:00:00Z,C2d-2026-6b53b499,0.7341,7.43,5.37,bd38e2433374c6c2
2026-10-07T19:50:38Z,2026_06_ARI_LA,2026-10-18T20:05:00Z,C2d-2026-6b53b499,0.763,9.11,5.32,bd38e2433374c6c2
2026-10-07T19:50:38Z,2026_06_BUF_LV,2026-10-18T20:25:00Z,C2d-2026-6b53b499,0.396,-2.58,5.37,bd38e2433374c6c2
2026-10-07T19:50:38Z,2026_06_LAC_KC,2026-10-18T20:25:00Z,C2d-2026-6b53b499,0.7244,7.32,5.36,bd38e2433374c6c2
2026-10-07T19:50:38Z,2026_06_DAL_GB,2026-10-19T00:20:00Z,C2d-2026-6b53b499,0.5392,0.8,5.39,bd38e2433374c6c2
2026-10-07T19:50:38Z,2026_06_WAS_SF,2026-10-20T00:15:00Z,C2d-2026-6b53b499,0.8309,9.77,5.39,bd38e2433374c6c2
2026-10-07T19:50:38Z,2026_07_NE_CHI,2026-10-23T00:15:00Z,C2d-2026-6b53b499,0.5169,3.12,5.36,bd38e2433374c6c2
2026-10-07T19:50:38Z,2026_07_PIT_NO,2026-10-25T13:30:00Z,C2d-2026-6b53b499,0.3948,-2.06,5.38,bd38e2433374c6c2
2026-10-07T19:50:38Z,2026_07_CIN_BAL,2026-10-25T17:00:00Z,C2d-2026-6b53b499,0.5994,3.73,5.38,bd38e2433374c6c2
2026-10-07T19:50:38Z,2026_07_CLE_TEN,2026-10-25T17:00:00Z,C2d-2026-6b53b499,0.3447,-0.47,5.39,bd38e2433374c6c2
2026-10-07T19:50:38Z,2026_07_IND_MIN,2026-10-25T17:00:00Z,C2d-2026-6b53b499,0.6823,4.48,5.41,bd38e2433374c6c2
2026-10-07T19:50:38Z,2026_07_MIA_NYJ,2026-10-25T17:00:00Z,C2d-2026-6b53b499,0.5725,2.61,5.38,bd38e2433374c6c2
2026-10-07T19:50:38Z,2026_07_NYG_HOU,2026-10-25T17:00:00Z,C2d-2026-6b53b499,0.674,3.6,5.37,bd38e2433374c6c2
2026-10-07T19:50:38Z,2026_07_SF_ATL,2026-10-25T17:00:00Z,C2d-2026-6b53b499,0.3487,-2.92,5.39,bd38e2433374c6c2
2026-10-07T19:50:38Z,2026_07_TB_CAR,2026-10-25T17:00:00Z,C2d-2026-6b53b499,0.6384,4.5,5.35,bd38e2433374c6c2
2026-10-07T19:50:38Z,2026_07_DEN_ARI,2026-10-25T20:05:00Z,C2d-2026-6b53b499,0.3433,-2.55,5.36,bd38e2433374c6c2
2026-10-07T19:50:38Z,2026_07_GB_DET,2026-10-25T20:25:00Z,C2d-2026-6b53b499,0.5967,3.81,5.36,bd38e2433374c6c2
2026-10-07T19:50:38Z,2026_07_LA_LV,2026-10-25T20:25:00Z,C2d-2026-6b53b499,0.416,-3.27,5.38,bd38e2433374c6c2
2026-10-07T19:50:38Z,2026_07_KC_SEA,2026-10-26T00:20:00Z,C2d-2026-6b53b499,0.6693,5.59,5.38,bd38e2433374c6c2
2026-10-07T19:50:38Z,2026_07_DAL_PHI,2026-10-27T00:15:00Z,C2d-2026-6b53b499,0.5781,1.97,5.36,bd38e2433374c6c2
2026-10-07T19:50:38Z,2026_08_CAR_GB,2026-10-30T00:15:00Z,C2d-2026-6b53b499,0.5283,0.04,5.36,bd38e2433374c6c2
2026-10-07T19:50:38Z,2026_08_ARI_DAL,2026-11-01T18:00:00Z,C2d-2026-6b53b499,0.6407,4.47,5.38,bd38e2433374c6c2
2026-10-07T19:50:38Z,2026_08_ATL_TB,2026-11-01T18:00:00Z,C2d-2026-6b53b499,0.4142,-0.4,5.36,bd38e2433374c6c2
2026-10-07T19:50:38Z,2026_08_BAL_BUF,2026-11-01T18:00:00Z,C2d-2026-6b53b499,0.5839,2.78,5.37,bd38e2433374c6c2
2026-10-07T19:50:38Z,2026_08_CLE_PIT,2026-11-01T18:00:00Z,C2d-2026-6b53b499,0.5574,3.89,5.13,bd38e2433374c6c2
2026-10-07T19:50:38Z,2026_08_IND_JAX,2026-11-01T18:00:00Z,C2d-2026-6b53b499,0.741,8.79,5.37,bd38e2433374c6c2
2026-10-07T19:50:38Z,2026_08_LV_NYJ,2026-11-01T18:00:00Z,C2d-2026-6b53b499,0.4202,-1.04,5.4,bd38e2433374c6c2
2026-10-07T19:50:38Z,2026_08_MIN_DET,2026-11-01T18:00:00Z,C2d-2026-6b53b499,0.4389,-0.43,5.37,bd38e2433374c6c2
2026-10-07T19:50:38Z,2026_08_TEN_CIN,2026-11-01T18:00:00Z,C2d-2026-6b53b499,0.7833,8.14,5.4,bd38e2433374c6c2
2026-10-07T19:50:38Z,2026_08_LAC_LA,2026-11-01T21:05:00Z,C2d-2026-6b53b499,0.7326,8.45,5.37,bd38e2433374c6c2
2026-10-07T19:50:38Z,2026_08_KC_DEN,2026-11-01T21:25:00Z,C2d-2026-6b53b499,0.5181,0.36,5.19,bd38e2433374c6c2
2026-10-07T19:50:38Z,2026_08_NE_MIA,2026-11-01T21:25:00Z,C2d-2026-6b53b499,0.2984,-5.63,5.36,bd38e2433374c6c2
2026-10-07T19:50:38Z,2026_08_PHI_WAS,2026-11-02T01:20:00Z,C2d-2026-6b53b499,0.4113,-0.6,5.19,bd38e2433374c6c2
2026-10-07T19:50:38Z,2026_08_CHI_SEA,2026-11-03T01:15:00Z,C2d-2026-6b53b499,0.7063,4.56,5.36,bd38e2433374c6c2
2026-10-07T19:50:38Z,2026_09_JAX_BAL,2026-11-06T01:15:00Z,C2d-2026-6b53b499,0.4514,-2.42,5.39,bd38e2433374c6c2
2026-10-07T19:50:38Z,2026_09_CIN_ATL,2026-11-08T14:30:00Z,C2d-2026-6b53b499,0.459,-0.78,5.38,bd38e2433374c6c2
2026-10-07T19:50:38Z,2026_09_CLE_NO,2026-11-08T18:00:00Z,C2d-2026-6b53b499,0.4644,1.83,5.4,bd38e2433374c6c2
2026-10-07T19:50:38Z,2026_09_DAL_IND,2026-11-08T18:00:00Z,C2d-2026-6b53b499,0.5533,2.5,5.35,bd38e2433374c6c2
2026-10-07T19:50:38Z,2026_09_DEN_CAR,2026-11-08T18:00:00Z,C2d-2026-6b53b499,0.4475,0.76,5.38,bd38e2433374c6c2
2026-10-07T19:50:38Z,2026_09_DET_MIA,2026-11-08T18:00:00Z,C2d-2026-6b53b499,0.3673,-3.05,5.4,bd38e2433374c6c2
2026-10-07T19:50:38Z,2026_09_LA_WAS,2026-11-08T18:00:00Z,C2d-2026-6b53b499,0.3062,-5.2,5.36,bd38e2433374c6c2
2026-10-07T19:50:38Z,2026_09_NYG_PHI,2026-11-08T18:00:00Z,C2d-2026-6b53b499,0.6653,2.88,5.35,bd38e2433374c6c2
2026-10-07T19:50:38Z,2026_09_NYJ_KC,2026-11-08T18:00:00Z,C2d-2026-6b53b499,0.7632,8.95,5.41,bd38e2433374c6c2
2026-10-07T19:50:38Z,2026_09_HOU_LAC,2026-11-08T21:05:00Z,C2d-2026-6b53b499,0.4449,-0.73,5.35,bd38e2433374c6c2
2026-10-07T19:50:38Z,2026_09_LV_SF,2026-11-08T21:05:00Z,C2d-2026-6b53b499,0.7527,7.85,5.37,bd38e2433374c6c2
2026-10-07T19:50:38Z,2026_09_ARI_SEA,2026-11-08T21:25:00Z,C2d-2026-6b53b499,0.8387,11.64,5.15,bd38e2433374c6c2
2026-10-07T19:50:38Z,2026_09_GB_NE,2026-11-08T21:25:00Z,C2d-2026-6b53b499,0.6688,6.39,5.37,bd38e2433374c6c2
2026-10-07T19:50:38Z,2026_09_TB_CHI,2026-11-09T01:20:00Z,C2d-2026-6b53b499,0.7113,8.27,5.36,bd38e2433374c6c2
2026-10-07T19:50:38Z,2026_09_BUF_MIN,2026-11-10T01:15:00Z,C2d-2026-6b53b499,0.5301,1.1,5.39,bd38e2433374c6c2
2026-10-07T19:50:38Z,2026_10_WAS_NYG,2026-11-13T01:15:00Z,C2d-2026-6b53b499,0.5555,3.49,5.37,bd38e2433374c6c2
2026-10-07T19:50:38Z,2026_10_NE_DET,2026-11-15T14:30:00Z,C2d-2026-6b53b499,0.4098,-2.58,5.35,bd38e2433374c6c2
2026-10-07T19:50:38Z,2026_10_BUF_NYJ,2026-11-15T18:00:00Z,C2d-2026-6b53b499,0.2833,-5.55,5.35,bd38e2433374c6c2
2026-10-07T19:50:38Z,2026_10_CAR_NO,2026-11-15T18:00:00Z,C2d-2026-6b53b499,0.4597,-1.47,5.34,bd38e2433374c6c2
2026-10-07T19:50:38Z,2026_10_HOU_CLE,2026-11-15T18:00:00Z,C2d-2026-6b53b499,0.5093,-1.37,5.38,bd38e2433374c6c2
2026-10-07T19:50:38Z,2026_10_JAX_TEN,2026-11-15T18:00:00Z,C2d-2026-6b53b499,0.1801,-10.44,5.37,bd38e2433374c6c2
2026-10-07T19:50:38Z,2026_10_KC_ATL,2026-11-15T18:00:00Z,C2d-2026-6b53b499,0.4561,-1.06,5.41,bd38e2433374c6c2
2026-10-07T19:50:38Z,2026_10_MIA_IND,2026-11-15T18:00:00Z,C2d-2026-6b53b499,0.6813,6.71,5.38,bd38e2433374c6c2
2026-10-07T19:50:38Z,2026_10_MIN_GB,2026-11-15T18:00:00Z,C2d-2026-6b53b499,0.3884,-2.32,5.17,bd38e2433374c6c2
2026-10-07T19:50:38Z,2026_10_LA_ARI,2026-11-15T21:05:00Z,C2d-2026-6b53b499,0.3097,-5.26,5.32,bd38e2433374c6c2
2026-10-07T19:50:38Z,2026_10_SEA_LV,2026-11-15T21:05:00Z,C2d-2026-6b53b499,0.3061,-5.8,5.36,bd38e2433374c6c2
2026-10-07T19:50:38Z,2026_10_SF_DAL,2026-11-15T21:25:00Z,C2d-2026-6b53b499,0.3071,-3.43,5.39,bd38e2433374c6c2
2026-10-07T19:50:38Z,2026_10_PIT_CIN,2026-11-16T01:20:00Z,C2d-2026-6b53b499,0.6015,3.78,5.16,bd38e2433374c6c2
2026-10-07T19:50:38Z,2026_10_LAC_BAL,2026-11-17T01:15:00Z,C2d-2026-6b53b499,0.7184,6.92,5.39,bd38e2433374c6c2
2026-10-07T19:50:38Z,2026_11_IND_HOU,2026-11-20T01:15:00Z,C2d-2026-6b53b499,0.5804,2.11,5.14,bd38e2433374c6c2
2026-10-07T19:50:38Z,2026_11_ARI_KC,2026-11-22T18:00:00Z,C2d-2026-6b53b499,0.7553,7.97,5.4,bd38e2433374c6c2
2026-10-07T19:50:38Z,2026_11_BAL_CAR,2026-11-22T18:00:00Z,C2d-2026-6b53b499,0.4275,-0.41,5.39,bd38e2433374c6c2
2026-10-07T19:50:38Z,2026_11_JAX_NYG,2026-11-22T18:00:00Z,C2d-2026-6b53b499,0.2524,-6.43,5.4,bd38e2433374c6c2
2026-10-07T19:50:38Z,2026_11_MIA_BUF,2026-11-22T18:00:00Z,C2d-2026-6b53b499,0.8028,10.08,5.37,bd38e2433374c6c2
2026-10-07T19:50:38Z,2026_11_NO_CHI,2026-11-22T18:00:00Z,C2d-2026-6b53b499,0.7031,9.09,5.38,bd38e2433374c6c2
2026-10-07T19:50:38Z,2026_11_TB_DET,2026-11-22T18:00:00Z,C2d-2026-6b53b499,0.6696,4.51,5.39,bd38e2433374c6c2
2026-10-07T19:50:38Z,2026_11_TEN_DAL,2026-11-22T18:00:00Z,C2d-2026-6b53b499,0.7281,6.85,5.37,bd38e2433374c6c2
2026-10-07T19:50:38Z,2026_11_NYJ_LAC,2026-11-22T21:05:00Z,C2d-2026-6b53b499,0.5957,3.56,5.39,bd38e2433374c6c2
2026-10-07T19:50:38Z,2026_11_LV_DEN,2026-11-22T21:25:00Z,C2d-2026-6b53b499,0.6349,4.42,5.35,bd38e2433374c6c2
2026-10-07T19:50:38Z,2026_11_PIT_PHI,2026-11-22T21:25:00Z,C2d-2026-6b53b499,0.5605,2.54,5.39,bd38e2433374c6c2
2026-10-07T19:50:38Z,2026_11_MIN_SF,2026-11-23T01:20:00Z,C2d-2026-6b53b499,0.5824,2.23,5.37,bd38e2433374c6c2
2026-10-07T19:50:38Z,2026_11_CIN_WAS,2026-11-24T01:15:00Z,C2d-2026-6b53b499,0.3712,-1.85,5.41,bd38e2433374c6c2
2026-10-07T19:50:38Z,2026_12_GB_LA,2026-11-26T01:00:00Z,C2d-2026-6b53b499,0.6902,7.68,5.37,bd38e2433374c6c2
2026-10-07T19:50:38Z,2026_12_CHI_DET,2026-11-26T18:00:00Z,C2d-2026-6b53b499,0.4972,-1.84,5.33,bd38e2433374c6c2
2026-10-07T19:50:38Z,2026_12_PHI_DAL,2026-11-26T21:30:00Z,C2d-2026-6b53b499,0.513,1.88,5.36,bd38e2433374c6c2
2026-10-07T19:50:38Z,2026_12_KC_BUF,2026-11-27T01:20:00Z,C2d-2026-6b53b499,0.5766,2.37,5.38,bd38e2433374c6c2
2026-10-07T19:50:38Z,2026_12_DEN_PIT,2026-11-27T20:00:00Z,C2d-2026-6b53b499,0.4545,-0.58,5.38,bd38e2433374c6c2
2026-10-07T19:50:38Z,2026_12_ATL_MIN,2026-11-29T18:00:00Z,C2d-2026-6b53b499,0.6469,4.54,5.38,bd38e2433374c6c2
2026-10-07T19:50:38Z,2026_12_BAL_HOU,2026-11-29T18:00:00Z,C2d-2026-6b53b499,0.459,-0.42,5.34,bd38e2433374c6c2
2026-10-07T19:50:38Z,2026_12_LV_CLE,2026-11-29T18:00:00Z,C2d-2026-6b53b499,0.535,-0.05,5.4,bd38e2433374c6c2
2026-10-07T19:50:38Z,2026_12_NO_CIN,2026-11-29T18:00:00Z,C2d-2026-6b53b499,0.6868,5.85,5.4,bd38e2433374c6c2
2026-10-07T19:50:38Z,2026_12_NYG_IND,2026-11-29T18:00:00Z,C2d-2026-6b53b499,0.6423,3.42,5.4,bd38e2433374c6c2
2026-10-07T19:50:38Z,2026_12_NYJ_MIA,2026-11-29T18:00:00Z,C2d-2026-6b53b499,0.5188,1.24,5.38,bd38e2433374c6c2
2026-10-07T19:50:38Z,2026_12_TEN_JAX,2026-11-29T21:05:00Z,C2d-2026-6b53b499,0.8679,14.29,5.37,bd38e2433374c6c2
2026-10-07T19:50:38Z,2026_12_SEA_SF,2026-11-29T21:25:00Z,C2d-2026-6b53b499,0.5277,0.12,5.31,bd38e2433374c6c2
2026-10-07T19:50:38Z,2026_12_WAS_ARI,2026-11-29T21:25:00Z,C2d-2026-6b53b499,0.5498,1.87,5.39,bd38e2433374c6c2
2026-10-07T19:50:38Z,2026_12_NE_LAC,2026-11-30T01:20:00Z,C2d-2026-6b53b499,0.3676,-3.31,5.31,bd38e2433374c6c2
2026-10-07T19:50:38Z,2026_12_CAR_TB,2026-12-01T01:15:00Z,C2d-2026-6b53b499,0.4499,-0.65,5.35,bd38e2433374c6c2
2026-10-07T19:50:38Z,2026_13_KC_LA,2026-12-04T01:15:00Z,C2d-2026-6b53b499,0.5561,3.06,5.37,bd38e2433374c6c2
2026-10-07T19:50:38Z,2026_13_CIN_CLE,2026-12-06T18:00:00Z,C2d-2026-6b53b499,0.4771,-1.9,5.33,bd38e2433374c6c2
2026-10-07T19:50:38Z,2026_13_DET_ATL,2026-12-06T18:00:00Z,C2d-2026-6b53b499,0.5477,1.67,5.36,bd38e2433374c6c2
2026-10-07T19:50:38Z,2026_13_GB_NO,2026-12-06T18:00:00Z,C2d-2026-6b53b499,0.4772,0.41,5.37,bd38e2433374c6c2
2026-10-07T19:50:38Z,2026_13_JAX_CHI,2026-12-06T18:00:00Z,C2d-2026-6b53b499,0.4164,-0.98,5.38,bd38e2433374c6c2
2026-10-07T19:50:38Z,2026_13_LAC_TB,2026-12-06T18:00:00Z,C2d-2026-6b53b499,0.519,2.0,5.4,bd38e2433374c6c2
2026-10-07T19:50:38Z,2026_13_SF_NYG,2026-12-06T18:00:00Z,C2d-2026-6b53b499,0.2341,-4.35,5.35,bd38e2433374c6c2
2026-10-07T19:50:38Z,2026_13_WAS_TEN,2026-12-06T18:00:00Z,C2d-2026-6b53b499,0.4484,-0.51,5.38,bd38e2433374c6c2
2026-10-07T19:50:38Z,2026_13_MIA_DEN,2026-12-06T21:05:00Z,C2d-2026-6b53b499,0.7627,8.07,5.35,bd38e2433374c6c2
2026-10-07T19:50:38Z,2026_13_PHI_ARI,2026-12-06T21:05:00Z,C2d-2026-6b53b499,0.4152,-0.66,5.39,bd38e2433374c6c2
2026-10-07T19:50:38Z,2026_13_BUF_NE,2026-12-06T21:25:00Z,C2d-2026-6b53b499,0.5005,1.32,5.1,bd38e2433374c6c2
2026-10-07T19:50:38Z,2026_13_CAR_MIN,2026-12-06T21:25:00Z,C2d-2026-6b53b499,0.6794,4.29,5.38,bd38e2433374c6c2
2026-10-07T19:50:38Z,2026_13_HOU_PIT,2026-12-07T01:20:00Z,C2d-2026-6b53b499,0.5211,0.6,5.35,bd38e2433374c6c2
2026-10-07T19:50:38Z,2026_13_DAL_SEA,2026-12-08T01:15:00Z,C2d-2026-6b53b499,0.778,9.09,5.36,bd38e2433374c6c2
2026-10-07T19:50:38Z,2026_14_MIN_NE,2026-12-11T01:15:00Z,C2d-2026-6b53b499,0.5163,2.14,5.38,bd38e2433374c6c2
2026-10-07T19:50:38Z,2026_14_ATL_CLE,2026-12-13T18:00:00Z,C2d-2026-6b53b499,0.5048,-1.12,5.37,bd38e2433374c6c2
2026-10-07T19:50:38Z,2026_14_CHI_MIA,2026-12-13T18:00:00Z,C2d-2026-6b53b499,0.3232,-6.82,5.37,bd38e2433374c6c2
2026-10-07T19:50:38Z,2026_14_DEN_NYJ,2026-12-13T18:00:00Z,C2d-2026-6b53b499,0.3336,-3.53,5.38,bd38e2433374c6c2
2026-10-07T19:50:38Z,2026_14_HOU_WAS,2026-12-13T18:00:00Z,C2d-2026-6b53b499,0.4017,-1.32,5.35,bd38e2433374c6c2
2026-10-07T19:50:38Z,2026_14_IND_PHI,2026-12-13T18:00:00Z,C2d-2026-6b53b499,0.5707,1.39,5.38,bd38e2433374c6c2
2026-10-07T19:50:38Z,2026_14_NO_CAR,2026-12-13T18:00:00Z,C2d-2026-6b53b499,0.6292,5.32,5.34,bd38e2433374c6c2
2026-10-07T19:50:38Z,2026_14_TB_BAL,2026-12-13T18:00:00Z,C2d-2026-6b53b499,0.7396,6.84,5.4,bd38e2433374c6c2
2026-10-07T19:50:38Z,2026_14_TEN_DET,2026-12-13T18:00:00Z,C2d-2026-6b53b499,0.7625,7.62,5.38,bd38e2433374c6c2
2026-10-07T19:50:38Z,2026_14_LAC_LV,2026-12-13T21:05:00Z,C2d-2026-6b53b499,0.619,3.26,5.18,bd38e2433374c6c2
2026-10-07T19:50:38Z,2026_14_KC_CIN,2026-12-13T21:25:00Z,C2d-2026-6b53b499,0.4836,-0.29,5.41,bd38e2433374c6c2
2026-10-07T19:50:38Z,2026_14_LA_SF,2026-12-13T21:25:00Z,C2d-2026-6b53b499,0.6434,2.65,5.15,bd38e2433374c6c2
2026-10-07T19:50:38Z,2026_14_NYG_SEA,2026-12-13T21:25:00Z,C2d-2026-6b53b499,0.8356,10.01,5.36,bd38e2433374c6c2
2026-10-07T19:50:38Z,2026_14_BUF_GB,2026-12-14T01:20:00Z,C2d-2026-6b53b499,0.3735,-3.15,5.38,bd38e2433374c6c2
2026-10-07T19:50:38Z,2026_14_PIT_JAX,2026-12-15T01:15:00Z,C2d-2026-6b53b499,0.7329,9.94,5.33,bd38e2433374c6c2
2026-10-07T19:50:38Z,2026_15_SF_LAC,2026-12-18T01:15:00Z,C2d-2026-6b53b499,0.2597,-5.33,5.36,bd38e2433374c6c2
2026-10-07T19:50:38Z,2026_15_SEA_PHI,2026-12-19T22:00:00Z,C2d-2026-6b53b499,0.3197,-5.2,5.35,bd38e2433374c6c2
2026-10-07T19:50:38Z,2026_15_CHI_BUF,2026-12-20T01:20:00Z,C2d-2026-6b53b499,0.618,1.34,5.37,bd38e2433374c6c2
2026-10-07T19:50:38Z,2026_15_ATL_WAS,2026-12-20T18:00:00Z,C2d-2026-6b53b499,0.3974,-1.08,5.41,bd38e2433374c6c2
2026-10-07T19:50:38Z,2026_15_BAL_PIT,2026-12-20T18:00:00Z,C2d-2026-6b53b499,0.4345,-1.74,5.36,bd38e2433374c6c2
2026-10-07T19:50:38Z,2026_15_CIN_CAR,2026-12-20T18:00:00Z,C2d-2026-6b53b499,0.4818,1.4,5.39,bd38e2433374c6c2
2026-10-07T19:50:38Z,2026_15_CLE_NYG,2026-12-20T18:00:00Z,C2d-2026-6b53b499,0.447,3.54,5.41,bd38e2433374c6c2
2026-10-07T19:50:38Z,2026_15_IND_TEN,2026-12-20T18:00:00Z,C2d-2026-6b53b499,0.3434,-3.58,5.37,bd38e2433374c6c2
2026-10-07T19:50:38Z,2026_15_JAX_HOU,2026-12-20T18:00:00Z,C2d-2026-6b53b499,0.3675,-4.76,5.34,bd38e2433374c6c2
2026-10-07T19:50:38Z,2026_15_MIA_GB,2026-12-20T18:00:00Z,C2d-2026-6b53b499,0.6688,5.01,5.38,bd38e2433374c6c2
2026-10-07T19:50:38Z,2026_15_NO_TB,2026-12-20T18:00:00Z,C2d-2026-6b53b499,0.5359,2.74,5.38,bd38e2433374c6c2
2026-10-07T19:50:38Z,2026_15_NYJ_ARI,2026-12-20T21:05:00Z,C2d-2026-6b53b499,0.5564,2.9,5.4,bd38e2433374c6c2
2026-10-07T19:50:38Z,2026_15_DAL_LA,2026-12-20T21:25:00Z,C2d-2026-6b53b499,0.6845,6.56,5.37,bd38e2433374c6c2
2026-10-07T19:50:38Z,2026_15_DEN_LV,2026-12-20T21:25:00Z,C2d-2026-6b53b499,0.4536,-0.57,5.35,bd38e2433374c6c2
2026-10-07T19:50:38Z,2026_15_DET_MIN,2026-12-21T01:20:00Z,C2d-2026-6b53b499,0.6487,4.28,5.37,bd38e2433374c6c2
2026-10-07T19:50:38Z,2026_15_NE_KC,2026-12-22T01:15:00Z,C2d-2026-6b53b499,0.5598,2.08,5.37,bd38e2433374c6c2
2026-10-07T19:50:38Z,2026_16_HOU_PHI,2026-12-25T01:15:00Z,C2d-2026-6b53b499,0.5359,1.21,5.38,bd38e2433374c6c2
2026-10-07T19:50:38Z,2026_16_GB_CHI,2026-12-25T18:00:00Z,C2d-2026-6b53b499,0.6427,7.58,5.31,bd38e2433374c6c2
2026-10-07T19:50:38Z,2026_16_BUF_DEN,2026-12-25T21:30:00Z,C2d-2026-6b53b499,0.4869,-0.09,5.35,bd38e2433374c6c2
2026-10-07T19:50:38Z,2026_16_LA_SEA,2026-12-26T01:15:00Z,C2d-2026-6b53b499,0.6599,4.46,5.32,bd38e2433374c6c2
2026-10-07T19:50:38Z,2026_16_ARI_NO,2026-12-27T18:00:00Z,C2d-2026-6b53b499,0.5687,1.84,5.4,bd38e2433374c6c2
2026-10-07T19:50:38Z,2026_16_CAR_PIT,2026-12-27T18:00:00Z,C2d-2026-6b53b499,0.5528,0.59,5.35,bd38e2433374c6c2
2026-10-07T19:50:38Z,2026_16_CIN_IND,2026-12-27T18:00:00Z,C2d-2026-6b53b499,0.4785,1.21,5.39,bd38e2433374c6c2
2026-10-07T19:50:38Z,2026_16_CLE_BAL,2026-12-27T18:00:00Z,C2d-2026-6b53b499,0.6633,7.56,5.39,bd38e2433374c6c2
2026-10-07T19:50:38Z,2026_16_LAC_MIA,2026-12-27T18:00:00Z,C2d-2026-6b53b499,0.4679,-0.39,5.37,bd38e2433374c6c2
2026-10-07T19:50:38Z,2026_16_NE_NYJ,2026-12-27T18:00:00Z,C2d-2026-6b53b499,0.3216,-4.94,5.35,bd38e2433374c6c2
2026-10-07T19:50:38Z,2026_16_TB_ATL,2026-12-27T18:00:00Z,C2d-2026-6b53b499,0.6713,4.25,5.36,bd38e2433374c6c2
2026-10-07T19:50:38Z,2026_16_WAS_MIN,2026-12-27T18:00:00Z,C2d-2026-6b53b499,0.7695,7.54,5.39,bd38e2433374c6c2
2026-10-07T19:50:38Z,2026_16_TEN_LV,2026-12-27T21:05:00Z,C2d-2026-6b53b499,0.7414,6.29,5.39,bd38e2433374c6c2
2026-10-07T19:50:38Z,2026_16_SF_KC,2026-12-27T21:25:00Z,C2d-2026-6b53b499,0.4342,0.07,5.36,bd38e2433374c6c2
2026-10-07T19:50:38Z,2026_16_JAX_DAL,2026-12-28T01:20:00Z,C2d-2026-6b53b499,0.3287,-5.52,5.4,bd38e2433374c6c2
2026-10-07T19:50:38Z,2026_16_NYG_DET,2026-12-29T01:15:00Z,C2d-2026-6b53b499,0.6763,3.61,5.39,bd38e2433374c6c2
2026-10-07T19:50:38Z,2026_17_BAL_CIN,2027-01-01T01:15:00Z,C2d-2026-6b53b499,0.4911,0.12,5.38,bd38e2433374c6c2
2026-10-07T19:50:38Z,2026_17_BUF_MIA,2027-01-03T18:00:00Z,C2d-2026-6b53b499,0.2618,-6.23,5.37,bd38e2433374c6c2
2026-10-07T19:50:38Z,2026_17_DEN_NE,2027-01-03T18:00:00Z,C2d-2026-6b53b499,0.5593,3.33,5.32,bd38e2433374c6c2
2026-10-07T19:50:38Z,2026_17_IND_CLE,2027-01-03T18:00:00Z,C2d-2026-6b53b499,0.5444,-1.19,5.41,bd38e2433374c6c2
2026-10-07T19:50:38Z,2026_17_KC_LAC,2027-01-03T18:00:00Z,C2d-2026-6b53b499,0.3546,-3.47,5.36,bd38e2433374c6c2
2026-10-07T19:50:38Z,2026_17_LA_TB,2027-01-03T18:00:00Z,C2d-2026-6b53b499,0.3212,-4.52,5.37,bd38e2433374c6c2
2026-10-07T19:50:38Z,2026_17_MIN_NYJ,2027-01-03T18:00:00Z,C2d-2026-6b53b499,0.2963,-4.73,5.37,bd38e2433374c6c2
2026-10-07T19:50:38Z,2026_17_NO_ATL,2027-01-03T18:00:00Z,C2d-2026-6b53b499,0.6625,5.07,5.14,bd38e2433374c6c2
2026-10-07T19:50:38Z,2026_17_NYG_DAL,2027-01-03T18:00:00Z,C2d-2026-6b53b499,0.6354,2.84,5.2,bd38e2433374c6c2
2026-10-07T19:50:38Z,2026_17_PIT_TEN,2027-01-03T18:00:00Z,C2d-2026-6b53b499,0.3341,-2.43,5.39,bd38e2433374c6c2
2026-10-07T19:50:38Z,2026_17_SEA_CAR,2027-01-03T18:00:00Z,C2d-2026-6b53b499,0.3009,-4.48,5.36,bd38e2433374c6c2
2026-10-07T19:50:38Z,2026_17_WAS_JAX,2027-01-03T18:00:00Z,C2d-2026-6b53b499,0.8164,11.85,5.4,bd38e2433374c6c2
2026-10-07T19:50:38Z,2026_17_LV_ARI,2027-01-03T21:05:00Z,C2d-2026-6b53b499,0.4307,-0.06,5.39,bd38e2433374c6c2
2026-10-07T19:50:38Z,2026_17_DET_CHI,2027-01-03T21:25:00Z,C2d-2026-6b53b499,0.5936,5.69,5.33,bd38e2433374c6c2
2026-10-07T19:50:38Z,2026_17_PHI_SF,2027-01-04T01:20:00Z,C2d-2026-6b53b499,0.7407,7.24,5.35,bd38e2433374c6c2
2026-10-07T19:50:38Z,2026_17_HOU_GB,2027-01-05T01:15:00Z,C2d-2026-6b53b499,0.4964,0.05,5.39,bd38e2433374c6c2
2026-10-07T19:50:38Z,2026_18_ATL_CAR,2027-01-10T18:00:00Z,C2d-2026-6b53b499,0.5095,2.18,5.18,bd38e2433374c6c2
2026-10-07T19:50:38Z,2026_18_CHI_MIN,2027-01-10T18:00:00Z,C2d-2026-6b53b499,0.603,0.52,5.18,bd38e2433374c6c2
2026-10-07T19:50:38Z,2026_18_CLE_CIN,2027-01-10T18:00:00Z,C2d-2026-6b53b499,0.6128,5.75,5.33,bd38e2433374c6c2
2026-10-07T19:50:38Z,2026_18_DAL_WAS,2027-01-10T18:00:00Z,C2d-2026-6b53b499,0.4434,-0.56,5.18,bd38e2433374c6c2
2026-10-07T19:50:38Z,2026_18_DET_GB,2027-01-10T18:00:00Z,C2d-2026-6b53b499,0.4939,0.04,5.36,bd38e2433374c6c2
2026-10-07T19:50:38Z,2026_18_JAX_IND,2027-01-10T18:00:00Z,C2d-2026-6b53b499,0.3354,-4.94,5.37,bd38e2433374c6c2
2026-10-07T19:50:38Z,2026_18_LAC_DEN,2027-01-10T18:00:00Z,C2d-2026-6b53b499,0.7017,5.75,5.35,bd38e2433374c6c2
2026-10-07T19:50:38Z,2026_18_LV_KC,2027-01-10T18:00:00Z,C2d-2026-6b53b499,0.6603,5.99,5.12,bd38e2433374c6c2
2026-10-07T19:50:38Z,2026_18_MIA_NE,2027-01-10T18:00:00Z,C2d-2026-6b53b499,0.7724,9.48,5.36,bd38e2433374c6c2
2026-10-07T19:50:38Z,2026_18_NYJ_BUF,2027-01-10T18:00:00Z,C2d-2026-6b53b499,0.7851,9.4,5.35,bd38e2433374c6c2
2026-10-07T19:50:38Z,2026_18_PHI_NYG,2027-01-10T18:00:00Z,C2d-2026-6b53b499,0.4208,0.97,5.35,bd38e2433374c6c2
2026-10-07T19:50:38Z,2026_18_PIT_BAL,2027-01-10T18:00:00Z,C2d-2026-6b53b499,0.6527,5.59,5.36,bd38e2433374c6c2
2026-10-07T19:50:38Z,2026_18_SEA_LA,2027-01-10T18:00:00Z,C2d-2026-6b53b499,0.4266,-0.61,5.32,bd38e2433374c6c2
2026-10-07T19:50:38Z,2026_18_SF_ARI,2027-01-10T18:00:00Z,C2d-2026-6b53b499,0.23,-5.98,5.16,bd38e2433374c6c2
2026-10-07T19:50:38Z,2026_18_TB_NO,2027-01-10T18:00:00Z,C2d-2026-6b53b499,0.5556,1.11,5.38,bd38e2433374c6c2
2026-10-07T19:50:38Z,2026_18_TEN_HOU,2027-01-10T18:00:00Z,C2d-2026-6b53b499,0.7607,7.61,5.37,bd38e2433374c6c2
2026-10-10T19:57:00Z,2026_05_PHI_JAX,2026-10-11T13:30:00Z,C2d-2026-6b53b499,0.7211,9.33,5.39,15afeb598f304a6f
2026-10-10T19:57:00Z,2026_05_CHI_GB,2026-10-11T17:00:00Z,C2d-2026-6b53b499,0.4741,-3.73,5.31,15afeb598f304a6f
2026-10-10T19:57:00Z,2026_05_CIN_MIA,2026-10-11T17:00:00Z,C2d-2026-6b53b499,0.3402,-3.57,5.39,15afeb598f304a6f
2026-10-10T19:57:00Z,2026_05_CLE_NYJ,2026-10-11T17:00:00Z,C2d-2026-6b53b499,0.4308,0.94,5.39,15afeb598f304a6f
2026-10-10T19:57:00Z,2026_05_HOU_TEN,2026-10-11T17:00:00Z,C2d-2026-6b53b499,0.3124,-3.76,5.37,15afeb598f304a6f
2026-10-10T19:57:00Z,2026_05_IND_PIT,2026-10-11T17:00:00Z,C2d-2026-6b53b499,0.5561,0.78,5.39,15afeb598f304a6f
2026-10-10T19:57:00Z,2026_05_LV_NE,2026-10-11T17:00:00Z,C2d-2026-6b53b499,0.6475,5.83,5.37,15afeb598f304a6f
2026-10-10T19:57:00Z,2026_05_MIN_NO,2026-10-11T17:00:00Z,C2d-2026-6b53b499,0.3254,-3.83,5.4,15afeb598f304a6f
2026-10-10T19:57:00Z,2026_05_NYG_WAS,2026-10-11T17:00:00Z,C2d-2026-6b53b499,0.5891,0.36,5.37,15afeb598f304a6f
2026-10-10T19:57:00Z,2026_05_DEN_LAC,2026-10-11T20:05:00Z,C2d-2026-6b53b499,0.3804,-1.9,5.36,15afeb598f304a6f
2026-10-10T19:57:00Z,2026_05_DET_ARI,2026-10-11T20:25:00Z,C2d-2026-6b53b499,0.4031,-1.39,5.4,15afeb598f304a6f
2026-10-10T19:57:00Z,2026_05_SF_SEA,2026-10-11T20:25:00Z,C2d-2026-6b53b499,0.5637,3.73,5.32,15afeb598f304a6f
2026-10-10T19:57:00Z,2026_05_BAL_ATL,2026-10-12T00:20:00Z,C2d-2026-6b53b499,0.6416,-0.66,5.38,15afeb598f304a6f
2026-10-10T19:57:00Z,2026_05_BUF_LA,2026-10-13T00:15:00Z,C2d-2026-6b53b499,0.5251,2.61,5.36,15afeb598f304a6f
2026-10-10T19:57:00Z,2026_06_SEA_DEN,2026-10-16T00:15:00Z,C2d-2026-6b53b499,0.3901,-3.31,5.49,15afeb598f304a6f
2026-10-10T19:57:00Z,2026_06_HOU_JAX,2026-10-18T13:30:00Z,C2d-2026-6b53b499,0.6636,6.79,5.47,15afeb598f304a6f
2026-10-10T19:57:00Z,2026_06_BAL_CLE,2026-10-18T17:00:00Z,C2d-2026-6b53b499,0.4251,-3.54,5.52,15afeb598f304a6f
2026-10-10T19:57:00Z,2026_06_CAR_PHI,2026-10-18T17:00:00Z,C2d-2026-6b53b499,0.5667,1.17,5.51,15afeb598f304a6f
2026-10-10T19:57:00Z,2026_06_CHI_ATL,2026-10-18T17:00:00Z,C2d-2026-6b53b499,0.5274,-2.08,5.5,15afeb598f304a6f
2026-10-10T19:57:00Z,2026_06_NO_NYG,2026-10-18T17:00:00Z,C2d-2026-6b53b499,0.5274,3.56,5.53,15afeb598f304a6f
2026-10-10T19:57:00Z,2026_06_NYJ_NE,2026-10-18T17:00:00Z,C2d-2026-6b53b499,0.7527,8.79,5.48,15afeb598f304a6f
2026-10-10T19:57:00Z,2026_06_PIT_TB,2026-10-18T17:00:00Z,C2d-2026-6b53b499,0.5185,1.75,5.38,15afeb598f304a6f
2026-10-10T19:57:00Z,2026_06_TEN_IND,2026-10-18T17:00:00Z,C2d-2026-6b53b499,0.7338,7.42,5.51,15afeb598f304a6f
2026-10-10T19:57:00Z,2026_06_ARI_LA,2026-10-18T20:05:00Z,C2d-2026-6b53b499,0.7628,9.11,5.45,15afeb598f304a6f
2026-10-10T19:57:00Z,2026_06_BUF_LV,2026-10-18T20:25:00Z,C2d-2026-6b53b499,0.3955,-2.59,5.5,15afeb598f304a6f
2026-10-10T19:57:00Z,2026_06_LAC_KC,2026-10-18T20:25:00Z,C2d-2026-6b53b499,0.7241,7.32,5.49,15afeb598f304a6f
2026-10-10T19:57:00Z,2026_06_DAL_GB,2026-10-19T00:20:00Z,C2d-2026-6b53b499,0.5803,1.99,5.4,15afeb598f304a6f
2026-10-10T19:57:00Z,2026_06_WAS_SF,2026-10-20T00:15:00Z,C2d-2026-6b53b499,0.7992,9.86,5.52,15afeb598f304a6f
2026-10-10T19:57:00Z,2026_07_NE_CHI,2026-10-23T00:15:00Z,C2d-2026-6b53b499,0.5166,3.12,5.49,15afeb598f304a6f
2026-10-10T19:57:00Z,2026_07_PIT_NO,2026-10-25T13:30:00Z,C2d-2026-6b53b499,0.3945,-2.08,5.51,15afeb598f304a6f
2026-10-10T19:57:00Z,2026_07_CIN_BAL,2026-10-25T17:00:00Z,C2d-2026-6b53b499,0.5968,3.58,5.51,15afeb598f304a6f
2026-10-10T19:57:00Z,2026_07_CLE_TEN,2026-10-25T17:00:00Z,C2d-2026-6b53b499,0.3434,-0.56,5.52,15afeb598f304a6f
2026-10-10T19:57:00Z,2026_07_IND_MIN,2026-10-25T17:00:00Z,C2d-2026-6b53b499,0.6836,4.59,5.54,15afeb598f304a6f
2026-10-10T19:57:00Z,2026_07_MIA_NYJ,2026-10-25T17:00:00Z,C2d-2026-6b53b499,0.572,2.6,5.52,15afeb598f304a6f
2026-10-10T19:57:00Z,2026_07_NYG_HOU,2026-10-25T17:00:00Z,C2d-2026-6b53b499,0.6732,3.59,5.5,15afeb598f304a6f
2026-10-10T19:57:00Z,2026_07_SF_ATL,2026-10-25T17:00:00Z,C2d-2026-6b53b499,0.3486,-2.9,5.52,15afeb598f304a6f
2026-10-10T19:57:00Z,2026_07_TB_CAR,2026-10-25T17:00:00Z,C2d-2026-6b53b499,0.5654,3.44,5.37,15afeb598f304a6f
2026-10-10T19:57:00Z,2026_07_DEN_ARI,2026-10-25T20:05:00Z,C2d-2026-6b53b499,0.343,-2.56,5.5,15afeb598f304a6f
2026-10-10T19:57:00Z,2026_07_GB_DET,2026-10-25T20:25:00Z,C2d-2026-6b53b499,0.595,3.72,5.49,15afeb598f304a6f
2026-10-10T19:57:00Z,2026_07_LA_LV,2026-10-25T20:25:00Z,C2d-2026-6b53b499,0.4155,-3.27,5.51,15afeb598f304a6f
2026-10-10T19:57:00Z,2026_07_KC_SEA,2026-10-26T00:20:00Z,C2d-2026-6b53b499,0.6685,5.59,5.51,15afeb598f304a6f
2026-10-10T19:57:00Z,2026_07_DAL_PHI,2026-10-27T00:15:00Z,C2d-2026-6b53b499,0.6166,3.04,5.39,15afeb598f304a6f
2026-10-10T19:57:00Z,2026_08_CAR_GB,2026-10-30T00:15:00Z,C2d-2026-6b53b499,0.5294,0.12,5.49,15afeb598f304a6f
2026-10-10T19:57:00Z,2026_08_ARI_DAL,2026-11-01T18:00:00Z,C2d-2026-6b53b499,0.6025,3.39,5.41,15afeb598f304a6f
2026-10-10T19:57:00Z,2026_08_ATL_TB,2026-11-01T18:00:00Z,C2d-2026-6b53b499,0.4895,0.66,5.39,15afeb598f304a6f
2026-10-10T19:57:00Z,2026_08_BAL_BUF,2026-11-01T18:00:00Z,C2d-2026-6b53b499,0.5851,2.86,5.51,15afeb598f304a6f
2026-10-10T19:57:00Z,2026_08_CLE_PIT,2026-11-01T18:00:00Z,C2d-2026-6b53b499,0.5565,3.82,5.27,15afeb598f304a6f
2026-10-10T19:57:00Z,2026_08_IND_JAX,2026-11-01T18:00:00Z,C2d-2026-6b53b499,0.7412,8.83,5.5,15afeb598f304a6f
2026-10-10T19:57:00Z,2026_08_LV_NYJ,2026-11-01T18:00:00Z,C2d-2026-6b53b499,0.4203,-1.02,5.54,15afeb598f304a6f
2026-10-10T19:57:00Z,2026_08_MIN_DET,2026-11-01T18:00:00Z,C2d-2026-6b53b499,0.4372,-0.52,5.51,15afeb598f304a6f
2026-10-10T19:57:00Z,2026_08_TEN_CIN,2026-11-01T18:00:00Z,C2d-2026-6b53b499,0.7839,8.22,5.53,15afeb598f304a6f
2026-10-10T19:57:00Z,2026_08_LAC_LA,2026-11-01T21:05:00Z,C2d-2026-6b53b499,0.7325,8.46,5.5,15afeb598f304a6f
2026-10-10T19:57:00Z,2026_08_KC_DEN,2026-11-01T21:25:00Z,C2d-2026-6b53b499,0.518,0.36,5.32,15afeb598f304a6f
2026-10-10T19:57:00Z,2026_08_NE_MIA,2026-11-01T21:25:00Z,C2d-2026-6b53b499,0.2984,-5.62,5.49,15afeb598f304a6f
2026-10-10T19:57:00Z,2026_08_PHI_WAS,2026-11-02T01:20:00Z,C2d-2026-6b53b499,0.4099,-0.68,5.32,15afeb598f304a6f
2026-10-10T19:57:00Z,2026_08_CHI_SEA,2026-11-03T01:15:00Z,C2d-2026-6b53b499,0.7055,4.55,5.5,15afeb598f304a6f
2026-10-10T19:57:00Z,2026_09_JAX_BAL,2026-11-06T01:15:00Z,C2d-2026-6b53b499,0.4495,-2.52,5.52,15afeb598f304a6f
2026-10-10T19:57:00Z,2026_09_CIN_ATL,2026-11-08T14:30:00Z,C2d-2026-6b53b499,0.458,-0.82,5.52,15afeb598f304a6f
2026-10-10T19:57:00Z,2026_09_CLE_NO,2026-11-08T18:00:00Z,C2d-2026-6b53b499,0.4632,1.75,5.53,15afeb598f304a6f
2026-10-10T19:57:00Z,2026_09_DAL_IND,2026-11-08T18:00:00Z,C2d-2026-6b53b499,0.5922,3.56,5.38,15afeb598f304a6f
2026-10-10T19:57:00Z,2026_09_DEN_CAR,2026-11-08T18:00:00Z,C2d-2026-6b53b499,0.4476,0.78,5.52,15afeb598f304a6f
2026-10-10T19:57:00Z,2026_09_DET_MIA,2026-11-08T18:00:00Z,C2d-2026-6b53b499,0.3673,-3.04,5.53,15afeb598f304a6f
2026-10-10T19:57:00Z,2026_09_LA_WAS,2026-11-08T18:00:00Z,C2d-2026-6b53b499,0.3048,-5.28,5.49,15afeb598f304a6f
2026-10-10T19:57:00Z,2026_09_NYG_PHI,2026-11-08T18:00:00Z,C2d-2026-6b53b499,0.6656,2.95,5.48,15afeb598f304a6f
2026-10-10T19:57:00Z,2026_09_NYJ_KC,2026-11-08T18:00:00Z,C2d-2026-6b53b499,0.7629,8.94,5.54,15afeb598f304a6f
2026-10-10T19:57:00Z,2026_09_HOU_LAC,2026-11-08T21:05:00Z,C2d-2026-6b53b499,0.446,-0.65,5.48,15afeb598f304a6f
2026-10-10T19:57:00Z,2026_09_LV_SF,2026-11-08T21:05:00Z,C2d-2026-6b53b499,0.7527,7.85,5.51,15afeb598f304a6f
2026-10-10T19:57:00Z,2026_09_ARI_SEA,2026-11-08T21:25:00Z,C2d-2026-6b53b499,0.8382,11.64,5.29,15afeb598f304a6f
2026-10-10T19:57:00Z,2026_09_GB_NE,2026-11-08T21:25:00Z,C2d-2026-6b53b499,0.6672,6.29,5.5,15afeb598f304a6f
2026-10-10T19:57:00Z,2026_09_TB_CHI,2026-11-09T01:20:00Z,C2d-2026-6b53b499,0.6445,7.2,5.38,15afeb598f304a6f
2026-10-10T19:57:00Z,2026_09_BUF_MIN,2026-11-10T01:15:00Z,C2d-2026-6b53b499,0.5313,1.19,5.52,15afeb598f304a6f
2026-10-10T19:57:00Z,2026_10_WAS_NYG,2026-11-13T01:15:00Z,C2d-2026-6b53b499,0.5558,3.5,5.5,15afeb598f304a6f
2026-10-10T19:57:00Z,2026_10_NE_DET,2026-11-15T14:30:00Z,C2d-2026-6b53b499,0.4098,-2.58,5.48,15afeb598f304a6f
2026-10-10T19:57:00Z,2026_10_BUF_NYJ,2026-11-15T18:00:00Z,C2d-2026-6b53b499,0.2832,-5.54,5.48,15afeb598f304a6f
2026-10-10T19:57:00Z,2026_10_CAR_NO,2026-11-15T18:00:00Z,C2d-2026-6b53b499,0.4591,-1.49,5.48,15afeb598f304a6f
2026-10-10T19:57:00Z,2026_10_HOU_CLE,2026-11-15T18:00:00Z,C2d-2026-6b53b499,0.5115,-1.2,5.51,15afeb598f304a6f
2026-10-10T19:57:00Z,2026_10_JAX_TEN,2026-11-15T18:00:00Z,C2d-2026-6b53b499,0.1797,-10.47,5.5,15afeb598f304a6f
2026-10-10T19:57:00Z,2026_10_KC_ATL,2026-11-15T18:00:00Z,C2d-2026-6b53b499,0.456,-1.04,5.54,15afeb598f304a6f
2026-10-10T19:57:00Z,2026_10_MIA_IND,2026-11-15T18:00:00Z,C2d-2026-6b53b499,0.6806,6.67,5.52,15afeb598f304a6f
2026-10-10T19:57:00Z,2026_10_MIN_GB,2026-11-15T18:00:00Z,C2d-2026-6b53b499,0.3883,-2.31,5.31,15afeb598f304a6f
2026-10-10T19:57:00Z,2026_10_LA_ARI,2026-11-15T21:05:00Z,C2d-2026-6b53b499,0.3094,-5.26,5.45,15afeb598f304a6f
2026-10-10T19:57:00Z,2026_10_SEA_LV,2026-11-15T21:05:00Z,C2d-2026-6b53b499,0.3063,-5.8,5.5,15afeb598f304a6f
2026-10-10T19:57:00Z,2026_10_SF_DAL,2026-11-15T21:25:00Z,C2d-2026-6b53b499,0.2737,-4.52,5.41,15afeb598f304a6f
2026-10-10T19:57:00Z,2026_10_PIT_CIN,2026-11-16T01:20:00Z,C2d-2026-6b53b499,0.6019,3.84,5.29,15afeb598f304a6f
2026-10-10T19:57:00Z,2026_10_LAC_BAL,2026-11-17T01:15:00Z,C2d-2026-6b53b499,0.7171,6.84,5.52,15afeb598f304a6f
2026-10-10T19:57:00Z,2026_11_IND_HOU,2026-11-20T01:15:00Z,C2d-2026-6b53b499,0.5791,2.04,5.28,15afeb598f304a6f
2026-10-10T19:57:00Z,2026_11_ARI_KC,2026-11-22T18:00:00Z,C2d-2026-6b53b499,0.7551,7.97,5.54,15afeb598f304a6f
2026-10-10T19:57:00Z,2026_11_BAL_CAR,2026-11-22T18:00:00Z,C2d-2026-6b53b499,0.4291,-0.3,5.52,15afeb598f304a6f
2026-10-10T19:57:00Z,2026_11_JAX_NYG,2026-11-22T18:00:00Z,C2d-2026-6b53b499,0.2515,-6.53,5.53,15afeb598f304a6f
2026-10-10T19:57:00Z,2026_11_MIA_BUF,2026-11-22T18:00:00Z,C2d-2026-6b53b499,0.8024,10.07,5.5,15afeb598f304a6f
2026-10-10T19:57:00Z,2026_11_NO_CHI,2026-11-22T18:00:00Z,C2d-2026-6b53b499,0.7029,9.1,5.51,15afeb598f304a6f
2026-10-10T19:57:00Z,2026_11_TB_DET,2026-11-22T18:00:00Z,C2d-2026-6b53b499,0.5987,3.42,5.41,15afeb598f304a6f
2026-10-10T19:57:00Z,2026_11_TEN_DAL,2026-11-22T18:00:00Z,C2d-2026-6b53b499,0.695,5.78,5.39,15afeb598f304a6f
2026-10-10T19:57:00Z,2026_11_NYJ_LAC,2026-11-22T21:05:00Z,C2d-2026-6b53b499,0.5954,3.54,5.52,15afeb598f304a6f
2026-10-10T19:57:00Z,2026_11_LV_DEN,2026-11-22T21:25:00Z,C2d-2026-6b53b499,0.6349,4.42,5.48,15afeb598f304a6f
2026-10-10T19:57:00Z,2026_11_PIT_PHI,2026-11-22T21:25:00Z,C2d-2026-6b53b499,0.5598,2.51,5.52,15afeb598f304a6f
2026-10-10T19:57:00Z,2026_11_MIN_SF,2026-11-23T01:20:00Z,C2d-2026-6b53b499,0.5809,2.15,5.5,15afeb598f304a6f
2026-10-10T19:57:00Z,2026_11_CIN_WAS,2026-11-24T01:15:00Z,C2d-2026-6b53b499,0.3688,-2.01,5.54,15afeb598f304a6f
2026-10-10T19:57:00Z,2026_12_GB_LA,2026-11-26T01:00:00Z,C2d-2026-6b53b499,0.6886,7.58,5.5,15afeb598f304a6f
2026-10-10T19:57:00Z,2026_12_CHI_DET,2026-11-26T18:00:00Z,C2d-2026-6b53b499,0.497,-1.85,5.46,15afeb598f304a6f
2026-10-10T19:57:00Z,2026_12_PHI_DAL,2026-11-26T21:30:00Z,C2d-2026-6b53b499,0.4726,0.81,5.39,15afeb598f304a6f
2026-10-10T19:57:00Z,2026_12_KC_BUF,2026-11-27T01:20:00Z,C2d-2026-6b53b499,0.5765,2.38,5.51,15afeb598f304a6f
2026-10-10T19:57:00Z,2026_12_DEN_PIT,2026-11-27T20:00:00Z,C2d-2026-6b53b499,0.4546,-0.56,5.51,15afeb598f304a6f
2026-10-10T19:57:00Z,2026_12_ATL_MIN,2026-11-29T18:00:00Z,C2d-2026-6b53b499,0.648,4.61,5.51,15afeb598f304a6f
2026-10-10T19:57:00Z,2026_12_BAL_HOU,2026-11-29T18:00:00Z,C2d-2026-6b53b499,0.4588,-0.42,5.48,15afeb598f304a6f
2026-10-10T19:57:00Z,2026_12_LV_CLE,2026-11-29T18:00:00Z,C2d-2026-6b53b499,0.536,0.04,5.53,15afeb598f304a6f
2026-10-10T19:57:00Z,2026_12_NO_CIN,2026-11-29T18:00:00Z,C2d-2026-6b53b499,0.6874,5.91,5.53,15afeb598f304a6f
2026-10-10T19:57:00Z,2026_12_NYG_IND,2026-11-29T18:00:00Z,C2d-2026-6b53b499,0.6426,3.48,5.53,15afeb598f304a6f
2026-10-10T19:57:00Z,2026_12_NYJ_MIA,2026-11-29T18:00:00Z,C2d-2026-6b53b499,0.5188,1.25,5.52,15afeb598f304a6f
2026-10-10T19:57:00Z,2026_12_TEN_JAX,2026-11-29T21:05:00Z,C2d-2026-6b53b499,0.868,14.32,5.5,15afeb598f304a6f
2026-10-10T19:57:00Z,2026_12_SEA_SF,2026-11-29T21:25:00Z,C2d-2026-6b53b499,0.5281,0.12,5.45,15afeb598f304a6f
2026-10-10T19:57:00Z,2026_12_WAS_ARI,2026-11-29T21:25:00Z,C2d-2026-6b53b499,0.5509,1.95,5.52,15afeb598f304a6f
2026-10-10T19:57:00Z,2026_12_NE_LAC,2026-11-30T01:20:00Z,C2d-2026-6b53b499,0.3672,-3.32,5.45,15afeb598f304a6f
2026-10-10T19:57:00Z,2026_12_CAR_TB,2026-12-01T01:15:00Z,C2d-2026-6b53b499,0.5255,0.41,5.37,15afeb598f304a6f
2026-10-10T19:57:00Z,2026_13_KC_LA,2026-12-04T01:15:00Z,C2d-2026-6b53b499,0.556,3.06,5.5,15afeb598f304a6f
2026-10-10T19:57:00Z,2026_13_CIN_CLE,2026-12-06T18:00:00Z,C2d-2026-6b53b499,0.4769,-1.89,5.46,15afeb598f304a6f
2026-10-10T19:57:00Z,2026_13_DET_ATL,2026-12-06T18:00:00Z,C2d-2026-6b53b499,0.5474,1.69,5.5,15afeb598f304a6f
2026-10-10T19:57:00Z,2026_13_GB_NO,2026-12-06T18:00:00Z,C2d-2026-6b53b499,0.4753,0.32,5.51,15afeb598f304a6f
2026-10-10T19:57:00Z,2026_13_JAX_CHI,2026-12-06T18:00:00Z,C2d-2026-6b53b499,0.416,-0.99,5.51,15afeb598f304a6f
2026-10-10T19:57:00Z,2026_13_LAC_TB,2026-12-06T18:00:00Z,C2d-2026-6b53b499,0.5941,3.1,5.42,15afeb598f304a6f
2026-10-10T19:57:00Z,2026_13_SF_NYG,2026-12-06T18:00:00Z,C2d-2026-6b53b499,0.2334,-4.44,5.48,15afeb598f304a6f
2026-10-10T19:57:00Z,2026_13_WAS_TEN,2026-12-06T18:00:00Z,C2d-2026-6b53b499,0.4494,-0.44,5.52,15afeb598f304a6f
2026-10-10T19:57:00Z,2026_13_MIA_DEN,2026-12-06T21:05:00Z,C2d-2026-6b53b499,0.7623,8.05,5.48,15afeb598f304a6f
2026-10-10T19:57:00Z,2026_13_PHI_ARI,2026-12-06T21:05:00Z,C2d-2026-6b53b499,0.4151,-0.65,5.52,15afeb598f304a6f
2026-10-10T19:57:00Z,2026_13_BUF_NE,2026-12-06T21:25:00Z,C2d-2026-6b53b499,0.5004,1.33,5.24,15afeb598f304a6f
2026-10-10T19:57:00Z,2026_13_CAR_MIN,2026-12-06T21:25:00Z,C2d-2026-6b53b499,0.6802,4.35,5.51,15afeb598f304a6f
2026-10-10T19:57:00Z,2026_13_HOU_PIT,2026-12-07T01:20:00Z,C2d-2026-6b53b499,0.5226,0.7,5.48,15afeb598f304a6f
2026-10-10T19:57:00Z,2026_13_DAL_SEA,2026-12-08T01:15:00Z,C2d-2026-6b53b499,0.804,10.17,5.39,15afeb598f304a6f
2026-10-10T19:57:00Z,2026_14_MIN_NE,2026-12-11T01:15:00Z,C2d-2026-6b53b499,0.5147,2.06,5.51,15afeb598f304a6f
2026-10-10T19:57:00Z,2026_14_ATL_CLE,2026-12-13T18:00:00Z,C2d-2026-6b53b499,0.5055,-1.06,5.5,15afeb598f304a6f
2026-10-10T19:57:00Z,2026_14_CHI_MIA,2026-12-13T18:00:00Z,C2d-2026-6b53b499,0.3233,-6.81,5.5,15afeb598f304a6f
2026-10-10T19:57:00Z,2026_14_DEN_NYJ,2026-12-13T18:00:00Z,C2d-2026-6b53b499,0.3335,-3.52,5.52,15afeb598f304a6f
2026-10-10T19:57:00Z,2026_14_HOU_WAS,2026-12-13T18:00:00Z,C2d-2026-6b53b499,0.4016,-1.32,5.49,15afeb598f304a6f
2026-10-10T19:57:00Z,2026_14_IND_PHI,2026-12-13T18:00:00Z,C2d-2026-6b53b499,0.5706,1.4,5.51,15afeb598f304a6f
2026-10-10T19:57:00Z,2026_14_NO_CAR,2026-12-13T18:00:00Z,C2d-2026-6b53b499,0.6293,5.34,5.48,15afeb598f304a6f
2026-10-10T19:57:00Z,2026_14_TB_BAL,2026-12-13T18:00:00Z,C2d-2026-6b53b499,0.6751,5.67,5.4,15afeb598f304a6f
2026-10-10T19:57:00Z,2026_14_TEN_DET,2026-12-13T18:00:00Z,C2d-2026-6b53b499,0.7625,7.63,5.52,15afeb598f304a6f
2026-10-10T19:57:00Z,2026_14_LAC_LV,2026-12-13T21:05:00Z,C2d-2026-6b53b499,0.6186,3.26,5.32,15afeb598f304a6f
2026-10-10T19:57:00Z,2026_14_KC_CIN,2026-12-13T21:25:00Z,C2d-2026-6b53b499,0.4845,-0.21,5.54,15afeb598f304a6f
2026-10-10T19:57:00Z,2026_14_LA_SF,2026-12-13T21:25:00Z,C2d-2026-6b53b499,0.6431,2.66,5.29,15afeb598f304a6f
2026-10-10T19:57:00Z,2026_14_NYG_SEA,2026-12-13T21:25:00Z,C2d-2026-6b53b499,0.8355,10.09,5.49,15afeb598f304a6f
2026-10-10T19:57:00Z,2026_14_BUF_GB,2026-12-14T01:20:00Z,C2d-2026-6b53b499,0.3748,-3.04,5.51,15afeb598f304a6f
2026-10-10T19:57:00Z,2026_14_PIT_JAX,2026-12-15T01:15:00Z,C2d-2026-6b53b499,0.7327,9.94,5.47,15afeb598f304a6f
2026-10-10T19:57:00Z,2026_15_SF_LAC,2026-12-18T01:15:00Z,C2d-2026-6b53b499,0.2595,-5.34,5.5,15afeb598f304a6f
2026-10-10T19:57:00Z,2026_15_SEA_PHI,2026-12-19T22:00:00Z,C2d-2026-6b53b499,0.32,-5.21,5.48,15afeb598f304a6f
2026-10-10T19:57:00Z,2026_15_CHI_BUF,2026-12-20T01:20:00Z,C2d-2026-6b53b499,0.6178,1.33,5.5,15afeb598f304a6f
2026-10-10T19:57:00Z,2026_15_ATL_WAS,2026-12-20T18:00:00Z,C2d-2026-6b53b499,0.3959,-1.18,5.54,15afeb598f304a6f
2026-10-10T19:57:00Z,2026_15_BAL_PIT,2026-12-20T18:00:00Z,C2d-2026-6b53b499,0.436,-1.64,5.5,15afeb598f304a6f
2026-10-10T19:57:00Z,2026_15_CIN_CAR,2026-12-20T18:00:00Z,C2d-2026-6b53b499,0.481,1.35,5.52,15afeb598f304a6f
2026-10-10T19:57:00Z,2026_15_CLE_NYG,2026-12-20T18:00:00Z,C2d-2026-6b53b499,0.4451,3.38,5.54,15afeb598f304a6f
2026-10-10T19:57:00Z,2026_15_IND_TEN,2026-12-20T18:00:00Z,C2d-2026-6b53b499,0.3433,-3.57,5.51,15afeb598f304a6f
2026-10-10T19:57:00Z,2026_15_JAX_HOU,2026-12-20T18:00:00Z,C2d-2026-6b53b499,0.3658,-4.86,5.48,15afeb598f304a6f
2026-10-10T19:57:00Z,2026_15_MIA_GB,2026-12-20T18:00:00Z,C2d-2026-6b53b499,0.6698,5.1,5.51,15afeb598f304a6f
2026-10-10T19:57:00Z,2026_15_NO_TB,2026-12-20T18:00:00Z,C2d-2026-6b53b499,0.6103,3.82,5.41,15afeb598f304a6f
2026-10-10T19:57:00Z,2026_15_NYJ_ARI,2026-12-20T21:05:00Z,C2d-2026-6b53b499,0.5561,2.89,5.53,15afeb598f304a6f
2026-10-10T19:57:00Z,2026_15_DAL_LA,2026-12-20T21:25:00Z,C2d-2026-6b53b499,0.7181,7.64,5.39,15afeb598f304a6f
2026-10-10T19:57:00Z,2026_15_DEN_LV,2026-12-20T21:25:00Z,C2d-2026-6b53b499,0.4531,-0.57,5.48,15afeb598f304a6f
2026-10-10T19:57:00Z,2026_15_DET_MIN,2026-12-21T01:20:00Z,C2d-2026-6b53b499,0.6497,4.37,5.51,15afeb598f304a6f
2026-10-10T19:57:00Z,2026_15_NE_KC,2026-12-22T01:15:00Z,C2d-2026-6b53b499,0.5593,2.07,5.5,15afeb598f304a6f
2026-10-10T19:57:00Z,2026_16_HOU_PHI,2026-12-25T01:15:00Z,C2d-2026-6b53b499,0.537,1.29,5.51,15afeb598f304a6f
2026-10-10T19:57:00Z,2026_16_GB_CHI,2026-12-25T18:00:00Z,C2d-2026-6b53b499,0.641,7.49,5.44,15afeb598f304a6f
2026-10-10T19:57:00Z,2026_16_BUF_DEN,2026-12-25T21:30:00Z,C2d-2026-6b53b499,0.4866,-0.09,5.48,15afeb598f304a6f
2026-10-10T19:57:00Z,2026_16_LA_SEA,2026-12-26T01:15:00Z,C2d-2026-6b53b499,0.6591,4.46,5.45,15afeb598f304a6f
2026-10-10T19:57:00Z,2026_16_ARI_NO,2026-12-27T18:00:00Z,C2d-2026-6b53b499,0.5685,1.85,5.53,15afeb598f304a6f
2026-10-10T19:57:00Z,2026_16_CAR_PIT,2026-12-27T18:00:00Z,C2d-2026-6b53b499,0.5525,0.59,5.49,15afeb598f304a6f
2026-10-10T19:57:00Z,2026_16_CIN_IND,2026-12-27T18:00:00Z,C2d-2026-6b53b499,0.477,1.12,5.52,15afeb598f304a6f
2026-10-10T19:57:00Z,2026_16_CLE_BAL,2026-12-27T18:00:00Z,C2d-2026-6b53b499,0.6609,7.39,5.52,15afeb598f304a6f
2026-10-10T19:57:00Z,2026_16_LAC_MIA,2026-12-27T18:00:00Z,C2d-2026-6b53b499,0.468,-0.37,5.51,15afeb598f304a6f
2026-10-10T19:57:00Z,2026_16_NE_NYJ,2026-12-27T18:00:00Z,C2d-2026-6b53b499,0.3214,-4.94,5.48,15afeb598f304a6f
2026-10-10T19:57:00Z,2026_16_TB_ATL,2026-12-27T18:00:00Z,C2d-2026-6b53b499,0.6005,3.19,5.39,15afeb598f304a6f
2026-10-10T19:57:00Z,2026_16_WAS_MIN,2026-12-27T18:00:00Z,C2d-2026-6b53b499,0.7713,7.72,5.52,15afeb598f304a6f
2026-10-10T19:57:00Z,2026_16_TEN_LV,2026-12-27T21:05:00Z,C2d-2026-6b53b499,0.7411,6.3,5.53,15afeb598f304a6f
2026-10-10T19:57:00Z,2026_16_SF_KC,2026-12-27T21:25:00Z,C2d-2026-6b53b499,0.4339,0.06,5.49,15afeb598f304a6f
2026-10-10T19:57:00Z,2026_16_JAX_DAL,2026-12-28T01:20:00Z,C2d-2026-6b53b499,0.2937,-6.61,5.42,15afeb598f304a6f
2026-10-10T19:57:00Z,2026_16_NYG_DET,2026-12-29T01:15:00Z,C2d-2026-6b53b499,0.6768,3.69,5.52,15afeb598f304a6f
2026-10-10T19:57:00Z,2026_17_BAL_CIN,2027-01-01T01:15:00Z,C2d-2026-6b53b499,0.4933,0.27,5.51,15afeb598f304a6f
2026-10-10T19:57:00Z,2026_17_BUF_MIA,2027-01-03T18:00:00Z,C2d-2026-6b53b499,0.2619,-6.22,5.51,15afeb598f304a6f
2026-10-10T19:57:00Z,2026_17_DEN_NE,2027-01-03T18:00:00Z,C2d-2026-6b53b499,0.5592,3.34,5.46,15afeb598f304a6f
2026-10-10T19:57:00Z,2026_17_IND_CLE,2027-01-03T18:00:00Z,C2d-2026-6b53b499,0.5454,-1.08,5.54,15afeb598f304a6f
2026-10-10T19:57:00Z,2026_17_KC_LAC,2027-01-03T18:00:00Z,C2d-2026-6b53b499,0.3544,-3.47,5.49,15afeb598f304a6f
2026-10-10T19:57:00Z,2026_17_LA_TB,2027-01-03T18:00:00Z,C2d-2026-6b53b499,0.3909,-3.44,5.39,15afeb598f304a6f
2026-10-10T19:57:00Z,2026_17_MIN_NYJ,2027-01-03T18:00:00Z,C2d-2026-6b53b499,0.2949,-4.8,5.5,15afeb598f304a6f
2026-10-10T19:57:00Z,2026_17_NO_ATL,2027-01-03T18:00:00Z,C2d-2026-6b53b499,0.6623,5.09,5.27,15afeb598f304a6f
2026-10-10T19:57:00Z,2026_17_NYG_DAL,2027-01-03T18:00:00Z,C2d-2026-6b53b499,0.5977,1.84,5.24,15afeb598f304a6f
2026-10-10T19:57:00Z,2026_17_PIT_TEN,2027-01-03T18:00:00Z,C2d-2026-6b53b499,0.3335,-2.46,5.52,15afeb598f304a6f
2026-10-10T19:57:00Z,2026_17_SEA_CAR,2027-01-03T18:00:00Z,C2d-2026-6b53b499,0.3016,-4.45,5.49,15afeb598f304a6f
2026-10-10T19:57:00Z,2026_17_WAS_JAX,2027-01-03T18:00:00Z,C2d-2026-6b53b499,0.8172,11.96,5.53,15afeb598f304a6f
2026-10-10T19:57:00Z,2026_17_LV_ARI,2027-01-03T21:05:00Z,C2d-2026-6b53b499,0.4307,-0.06,5.52,15afeb598f304a6f
2026-10-10T19:57:00Z,2026_17_DET_CHI,2027-01-03T21:25:00Z,C2d-2026-6b53b499,0.5933,5.7,5.46,15afeb598f304a6f
2026-10-10T19:57:00Z,2026_17_PHI_SF,2027-01-04T01:20:00Z,C2d-2026-6b53b499,0.7406,7.26,5.48,15afeb598f304a6f
2026-10-10T19:57:00Z,2026_17_HOU_GB,2027-01-05T01:15:00Z,C2d-2026-6b53b499,0.4993,0.23,5.52,15afeb598f304a6f
2026-10-10T19:57:00Z,2026_18_ATL_CAR,2027-01-10T18:00:00Z,C2d-2026-6b53b499,0.5096,2.18,5.32,15afeb598f304a6f
2026-10-10T19:57:00Z,2026_18_CHI_MIN,2027-01-10T18:00:00Z,C2d-2026-6b53b499,0.6042,0.6,5.31,15afeb598f304a6f
2026-10-10T19:57:00Z,2026_18_CLE_CIN,2027-01-10T18:00:00Z,C2d-2026-6b53b499,0.6125,5.74,5.46,15afeb598f304a6f
2026-10-10T19:57:00Z,2026_18_DAL_WAS,2027-01-10T18:00:00Z,C2d-2026-6b53b499,0.482,0.43,5.22,15afeb598f304a6f
2026-10-10T19:57:00Z,2026_18_DET_GB,2027-01-10T18:00:00Z,C2d-2026-6b53b499,0.4952,0.14,5.49,15afeb598f304a6f
2026-10-10T19:57:00Z,2026_18_JAX_IND,2027-01-10T18:00:00Z,C2d-2026-6b53b499,0.3347,-4.98,5.5,15afeb598f304a6f
2026-10-10T19:57:00Z,2026_18_LAC_DEN,2027-01-10T18:00:00Z,C2d-2026-6b53b499,0.7015,5.76,5.49,15afeb598f304a6f
2026-10-10T19:57:00Z,2026_18_LV_KC,2027-01-10T18:00:00Z,C2d-2026-6b53b499,0.6602,5.99,5.26,15afeb598f304a6f
2026-10-10T19:57:00Z,2026_18_MIA_NE,2027-01-10T18:00:00Z,C2d-2026-6b53b499,0.7721,9.47,5.49,15afeb598f304a6f
2026-10-10T19:57:00Z,2026_18_NYJ_BUF,2027-01-10T18:00:00Z,C2d-2026-6b53b499,0.7849,9.39,5.48,15afeb598f304a6f
2026-10-10T19:57:00Z,2026_18_PHI_NYG,2027-01-10T18:00:00Z,C2d-2026-6b53b499,0.42,0.9,5.48,15afeb598f304a6f
2026-10-10T19:57:00Z,2026_18_PIT_BAL,2027-01-10T18:00:00Z,C2d-2026-6b53b499,0.6509,5.49,5.5,15afeb598f304a6f
2026-10-10T19:57:00Z,2026_18_SEA_LA,2027-01-10T18:00:00Z,C2d-2026-6b53b499,0.4271,-0.61,5.45,15afeb598f304a6f
2026-10-10T19:57:00Z,2026_18_SF_ARI,2027-01-10T18:00:00Z,C2d-2026-6b53b499,0.2299,-5.99,5.3,15afeb598f304a6f
2026-10-10T19:57:00Z,2026_18_TB_NO,2027-01-10T18:00:00Z,C2d-2026-6b53b499,0.4792,0.03,5.41,15afeb598f304a6f
2026-10-10T19:57:00Z,2026_18_TEN_HOU,2027-01-10T18:00:00Z,C2d-2026-6b53b499,0.7596,7.53,5.5,15afeb598f304a6f
