run_at_utc,team,playoffs,division,seed1,reach_sb,win_sb,wins_mean,wins_p10,wins_p90,n_sims,tau_rest,shape,seed,model_version
2026-10-05T03:29:12Z,ARI,0.0624,0.0036,0.0006,0.004,0.0014,5.91,3.0,9.0,20000,4.5,keynum,1791170952,A4s-2026-c6b394e8+M-2026-4aab0795
2026-10-05T03:29:12Z,ATL,0.345,0.2868,0.0118,0.0261,0.0119,7.51,4.0,11.0,20000,4.5,keynum,1791170952,A4s-2026-c6b394e8+M-2026-4aab0795
2026-10-05T03:29:12Z,BAL,0.6892,0.4019,0.1196,0.1055,0.0519,10.43,7.0,13.0,20000,4.5,keynum,1791170952,A4s-2026-c6b394e8+M-2026-4aab0795
2026-10-05T03:29:12Z,BUF,0.7895,0.5526,0.1554,0.1533,0.0786,10.88,8.0,14.0,20000,4.5,keynum,1791170952,A4s-2026-c6b394e8+M-2026-4aab0795
2026-10-05T03:29:12Z,CAR,0.3111,0.2709,0.0067,0.0198,0.0069,7.15,4.0,10.0,20000,4.5,keynum,1791170952,A4s-2026-c6b394e8+M-2026-4aab0795
2026-10-05T03:29:12Z,CHI,0.5454,0.1662,0.0476,0.0644,0.0299,9.68,7.0,13.0,20000,4.5,keynum,1791170952,A4s-2026-c6b394e8+M-2026-4aab0795
2026-10-05T03:29:12Z,CIN,0.4805,0.1983,0.0338,0.0514,0.024,9.19,6.0,12.0,20000,4.5,keynum,1791170952,A4s-2026-c6b394e8+M-2026-4aab0795
2026-10-05T03:29:12Z,CLE,0.5575,0.2658,0.0518,0.0485,0.0214,9.73,7.0,13.0,20000,4.5,keynum,1791170952,A4s-2026-c6b394e8+M-2026-4aab0795
2026-10-05T03:29:12Z,DAL,0.3405,0.2588,0.0111,0.0272,0.0114,8.12,5.0,11.0,20000,4.5,keynum,1791170952,A4s-2026-c6b394e8+M-2026-4aab0795
2026-10-05T03:29:12Z,DEN,0.5908,0.2484,0.0648,0.0884,0.0454,9.61,7.0,13.0,20000,4.5,keynum,1791170952,A4s-2026-c6b394e8+M-2026-4aab0795
2026-10-05T03:29:12Z,DET,0.5597,0.2188,0.0693,0.0683,0.032,9.83,7.0,13.0,20000,4.5,keynum,1791170952,A4s-2026-c6b394e8+M-2026-4aab0795
2026-10-05T03:29:12Z,GB,0.2866,0.0672,0.0097,0.0254,0.012,8.12,5.0,11.0,20000,4.5,keynum,1791170952,A4s-2026-c6b394e8+M-2026-4aab0795
2026-10-05T03:29:12Z,HOU,0.1668,0.0655,0.0014,0.0183,0.0086,6.92,4.0,10.0,20000,4.5,keynum,1791170952,A4s-2026-c6b394e8+M-2026-4aab0795
2026-10-05T03:29:12Z,IND,0.3368,0.1577,0.0129,0.029,0.011,8.3,5.0,11.0,20000,4.5,keynum,1791170952,A4s-2026-c6b394e8+M-2026-4aab0795
2026-10-05T03:29:12Z,JAX,0.885,0.771,0.2444,0.1966,0.1031,11.66,9.0,14.0,20000,4.5,keynum,1791170952,A4s-2026-c6b394e8+M-2026-4aab0795
2026-10-05T03:29:12Z,KC,0.8291,0.587,0.197,0.1344,0.0631,11.14,8.0,14.0,20000,4.5,keynum,1791170952,A4s-2026-c6b394e8+M-2026-4aab0795
2026-10-05T03:29:12Z,LA,0.5576,0.102,0.044,0.0842,0.0449,9.6,7.0,12.0,20000,4.5,keynum,1791170952,A4s-2026-c6b394e8+M-2026-4aab0795
2026-10-05T03:29:12Z,LAC,0.0538,0.0144,0.0003,0.004,0.0016,5.1,2.0,8.0,20000,4.5,keynum,1791170952,A4s-2026-c6b394e8+M-2026-4aab0795
2026-10-05T03:29:12Z,LV,0.4292,0.1502,0.0311,0.0352,0.0153,8.81,6.0,12.0,20000,4.5,keynum,1791170952,A4s-2026-c6b394e8+M-2026-4aab0795
2026-10-05T03:29:12Z,MIA,0.042,0.019,0.0003,0.0022,0.001,4.65,2.0,8.0,20000,4.5,keynum,1791170952,A4s-2026-c6b394e8+M-2026-4aab0795
2026-10-05T03:29:12Z,MIN,0.842,0.5478,0.2338,0.1406,0.0689,11.68,9.0,15.0,20000,4.5,keynum,1791170952,A4s-2026-c6b394e8+M-2026-4aab0795
2026-10-05T03:29:12Z,NE,0.6659,0.3926,0.064,0.0934,0.0454,9.77,7.0,13.0,20000,4.5,keynum,1791170952,A4s-2026-c6b394e8+M-2026-4aab0795
2026-10-05T03:29:12Z,NO,0.3923,0.3454,0.012,0.0254,0.0109,7.8,5.0,11.0,20000,4.5,keynum,1791170952,A4s-2026-c6b394e8+M-2026-4aab0795
2026-10-05T03:29:12Z,NYG,0.311,0.2404,0.0107,0.0164,0.0072,7.93,5.0,11.0,20000,4.5,keynum,1791170952,A4s-2026-c6b394e8+M-2026-4aab0795
2026-10-05T03:29:12Z,NYJ,0.1024,0.0358,0.0022,0.0054,0.0021,5.81,3.0,9.0,20000,4.5,keynum,1791170952,A4s-2026-c6b394e8+M-2026-4aab0795
2026-10-05T03:29:12Z,PHI,0.4568,0.3922,0.017,0.0398,0.0176,8.66,6.0,12.0,20000,4.5,keynum,1791170952,A4s-2026-c6b394e8+M-2026-4aab0795
2026-10-05T03:29:12Z,PIT,0.3668,0.134,0.0208,0.0336,0.015,8.46,5.0,11.0,20000,4.5,keynum,1791170952,A4s-2026-c6b394e8+M-2026-4aab0795
2026-10-05T03:29:12Z,SEA,0.8121,0.3532,0.184,0.2044,0.1178,11.42,9.0,14.0,20000,4.5,keynum,1791170952,A4s-2026-c6b394e8+M-2026-4aab0795
2026-10-05T03:29:12Z,SF,0.896,0.5412,0.3387,0.2362,0.1322,12.36,9.0,15.0,20000,4.5,keynum,1791170952,A4s-2026-c6b394e8+M-2026-4aab0795
2026-10-05T03:29:12Z,TB,0.1105,0.0968,0.0004,0.0054,0.0023,5.3,2.0,8.0,20000,4.5,keynum,1791170952,A4s-2026-c6b394e8+M-2026-4aab0795
2026-10-05T03:29:12Z,TEN,0.0147,0.0058,0.0,0.0008,0.0001,3.7,1.0,6.0,20000,4.5,keynum,1791170952,A4s-2026-c6b394e8+M-2026-4aab0795
2026-10-05T03:29:12Z,WAS,0.1711,0.1086,0.0026,0.0124,0.005,6.77,4.0,10.0,20000,4.5,keynum,1791170952,A4s-2026-c6b394e8+M-2026-4aab0795
