Team,Seasons,Avg_Luck_Index,Avg_Luck_per_Game,Avg_Close_Luck_Index,Avg_Close_Luck_per_Game,Avg_Pyth_Luck,Total_Games,Total_ActualWins,Total_ExpWins,Overall_Luck_Index,Overall_Luck_per_Game
PIT,55,0.19808856034029376,0.013758941184189183,-0.24285401289544323,-0.029365358646511592,0.14750361891475627,860,524,513.1051291812838,10.894870818716186,0.012668454440367658
MIA,55,0.158419537482309,0.01136055376957822,0.06629475512490032,0.009555918182194062,0.2674177751981057,860,489,480.286925438473,8.71307456152698,0.010131482048287186
DAL,55,0.14628872774967566,0.009750584044524665,0.005200139087083072,-0.002534742732566898,0.1148709584274654,860,502,493.95411997376783,8.045880026232169,0.009355674449107173
SEA,49,0.14104580295704863,0.00845408352755817,0.10404155293264113,0.015562868987545284,0.09734464324398533,776,402,395.0887556551046,6.911244344895408,0.008906242712494083
BAL,29,0.1356984097589622,0.008427820729893155,-0.3023712906089633,-0.02866650001515314,-0.4296910162547865,468,268,264.0647461169901,3.9352538830099206,0.00840866214318359
MIN,55,0.10900802123378987,0.00837366418388295,0.019548222988937717,0.0036894022722808407,0.16489650389304444,860,485,479.0045588321416,5.9954411678584165,0.0069714432184400195
IND,55,0.09088965245353837,0.0051056074817376505,0.2901528365085719,0.03261674327608546,0.39307563098401327,860,431,426.0010691150554,4.9989308849446275,0.005812710331330962
NWE,55,0.08308766878476528,0.006569060370391704,-0.10546553455401034,-0.016016286100795314,0.11110967199904513,860,482,477.43017821683793,4.5698217831620696,0.005313746259490779
KAN,55,0.07907348649355868,0.0026999247876068784,-0.12504927654200626,-0.020892280394190867,0.05166478265387134,860,460,455.65095824285424,4.349041757145756,0.005057025299006692
DEN,55,0.05339051147126397,0.0011675033613466085,-0.15933205051751814,-0.02641443608242589,0.15753731537125054,860,479,476.0635218690805,2.936478130919511,0.003414509454557571
PHI,55,0.04364837824139656,-0.0002834568030635471,-0.061581144172510725,-0.006526295218614384,-0.005424634211497507,860,454,451.5993391967232,2.4006608032768213,0.0027914660503218854
WAS,55,0.02270773285875557,0.004482682408144887,0.04470918459749342,0.006554113514475204,0.03792100322550449,860,437,435.75107469276844,1.2489253072315591,0.0014522387293390223
GNB,55,0.022062477414454953,0.0009530948562149261,-0.31035613027360986,-0.035214209295984754,0.1299237885929052,860,466,464.786563742205,1.2134362577950242,0.001410972392784912
LVR,55,0.021260803167261727,0.0050462650118520075,0.03907797374297651,0.0012836669892374258,0.32365184444897716,860,432,430.8306558258006,1.1693441741994093,0.001359702528138848
BUF,55,0.01054820322740567,-0.0010765737414224052,0.058019066010810506,0.004188615801885328,0.05551504249633941,859,421,420.41984882249267,0.5801511775073322,0.00067537971770353
SFO,55,-0.007721044919507185,-0.002554252686341432,-0.4428379101336171,-0.06581770431027652,-0.3009580841828551,860,472,472.42465747057287,-0.4246574705728676,-0.0004937877564800786
LAR,55,-0.017203403054020634,-0.0024393646394512388,-0.02533655957170698,-0.011911698911886499,0.009638032699315093,860,433,433.9461871679711,-0.946187167971118,-0.0011002176371757186
HOU,23,-0.036399480241607975,-0.0024900628798150046,0.29997497354358077,0.025476186063922917,-0.032343004996081705,372,162,162.83718804555699,-0.8371880455569851,-0.0022505054988091
CHI,55,-0.07148042475656483,-0.005342449572736051,0.10653341920622653,0.0013275173159771733,0.02086891292889898,860,411,414.93142336161105,-3.9314233616110528,-0.0045714225135012245
CIN,55,-0.08350645168586025,-0.0038955472560344914,0.14280256181764023,0.015875897266732993,-0.25055581996719506,859,396,400.5928548427223,-4.592854842722318,-0.005346746033436924
LAC,55,-0.1072759168284546,-0.007135103937694262,-0.3008147379349016,-0.03422250568251467,-0.399089962264387,860,408,413.900175425565,-5.90017542556501,-0.006860669099494197
TEN,55,-0.1287900477401609,-0.01023906006468963,0.19624892573733352,0.017186646706790456,0.15543936705626524,860,409,416.08345262570884,-7.083452625708844,-0.008236572820591679
NOR,55,-0.1652405762963779,-0.00989862092972396,-0.006770827089760049,0.00043445779176858225,-0.03549968864230182,860,405,414.0882316963008,-9.088231696300795,-0.010567711274768367
DET,55,-0.1674299312444345,-0.012417787541368573,-0.2335345099193681,-0.02565990948034895,-0.4909592258650989,860,364,373.2086462184439,-9.208646218443903,-0.010707728160981282
NYG,55,-0.171694146000367,-0.011717411950858658,0.05570636433372921,-0.0006437803632328588,0.056829199947027516,860,400,409.4431780300202,-9.443178030020192,-0.01098043956979092
ARI,55,-0.17674733381479746,-0.00980713641472864,0.20850779770394565,0.027339196269208454,0.1247632666940263,860,361,370.72110335981387,-9.721103359813867,-0.011303608557923102
ATL,55,-0.18709354826280278,-0.012930030393993344,-0.18918251215459447,-0.015633470946219613,0.0017597814700270784,860,386,396.29014515445414,-10.290145154454137,-0.011965285063318764
NYJ,55,-0.21098560596707744,-0.013737695792685516,-0.09297020442778225,0.00294651512429179,-0.18498922113557884,860,364,375.60420832818926,-11.604208328189259,-0.013493265497894487
CLE,52,-0.24328159342763794,-0.014557643707027178,-0.05485957176334371,0.003154462064207685,-0.08653453054214817,812,335,347.6506428582372,-12.650642858237177,-0.015579609431326573
TAM,49,-0.2523609835866062,-0.01589092865200939,-0.018946611957989464,-0.005773366004995643,-0.3206329504279295,776,318,330.3656881957437,-12.3656881957437,-0.015935165200700645
CAR,30,-0.27372433969574084,-0.016638494412173344,0.04059638201929938,0.006898448960166513,-0.1784969095989514,484,219,227.21173019087223,-8.211730190872231,-0.016966384691884776
JAX,30,-0.32210140355458755,-0.02022740315799595,-0.006162460583017682,0.008644143968156486,-0.47671559901632166,484,202,211.66304210663762,-9.663042106637619,-0.019964963030243015
