K_Factor,Home_Advantage,Season_Reset_Lambda,Scale_Constant,Brier_Score,LogLoss,Games
25.0,60.0,0.2,450.0,0.21994619096523946,0.6322630448948036,12835
20.0,50.0,0.2,350.0,0.21995278583137423,0.632333338286601,12835
20.0,55.0,0.2,400.0,0.2199533710319218,0.6321969283239252,12835
20.0,60.0,0.2,400.0,0.21999193383678653,0.6322946172848769,12835
25.0,70.0,0.2,450.0,0.21999609406387557,0.6324263638581468,12835
20.0,50.0,0.2,400.0,0.2200016165397908,0.6322987509572802,12835
25.0,55.0,0.2,450.0,0.22002239001313328,0.6324176920856355,12835
20.0,55.0,0.2,350.0,0.22002313227006431,0.6325347882476863,12835
25.0,55.0,0.2,400.0,0.22007694559158006,0.6327325811094214,12835
25.0,60.0,0.2,400.0,0.2200829646021714,0.632794725828628,12835
20.0,60.0,0.2,450.0,0.22011875174959572,0.6325164594983995,12835
20.0,40.0,0.2,350.0,0.22014557552174963,0.6327136895673741,12835
25.0,50.0,0.2,400.0,0.22015485226454917,0.6328706543050036,12835
25.0,50.0,0.2,450.0,0.22016697469404414,0.6327308303970716,12835
20.0,55.0,0.2,450.0,0.22017074045771184,0.6326405738555064,12835
20.0,60.0,0.2,350.0,0.22020223947303946,0.6329950621266299,12835
15.0,50.0,0.2,350.0,0.220209578492222,0.632705793654219,12835
20.0,70.0,0.2,450.0,0.2202240302615963,0.6327408190948903,12835
30.0,60.0,0.2,450.0,0.2202493453902877,0.6332318739349151,12835
30.0,70.0,0.2,450.0,0.2202503965343382,0.6333425688564932,12835
20.0,50.0,0.2,450.0,0.22029328165202905,0.6329226333699406,12835
15.0,40.0,0.2,350.0,0.22032163187166448,0.6329848259474112,12835
20.0,70.0,0.2,400.0,0.22032424690267616,0.6330833851574915,12835
15.0,55.0,0.2,350.0,0.22032704491661048,0.6329564341609784,12835
25.0,70.0,0.2,400.0,0.22034226563014922,0.6335153244157374,12835
30.0,55.0,0.2,450.0,0.22034741504997502,0.6334144751343875,12835
20.0,40.0,0.2,400.0,0.22036260973084754,0.6331045681488375,12835
25.0,50.0,0.2,350.0,0.2204555615952667,0.6339170738168813,12835
25.0,55.0,0.2,350.0,0.2204851628108381,0.6340767937726968,12835
30.0,50.0,0.2,450.0,0.2205123672625823,0.6337572053268601,12835
15.0,60.0,0.2,350.0,0.2205577844451803,0.6334652960551681,12835
25.0,40.0,0.2,400.0,0.22056662524060502,0.6337521227192331,12835
15.0,55.0,0.2,400.0,0.22058710482709173,0.6335476932194724,12835
15.0,50.0,0.2,400.0,0.22060157135690445,0.6336076878260957,12835
25.0,60.0,0.2,350.0,0.22061949532196493,0.6344960205302498,12835
30.0,60.0,0.2,400.0,0.22065371410366477,0.6345640398130075,12835
20.0,55.0,0.15,400.0,0.22065783068016484,0.6339359130568385,12835
15.0,60.0,0.2,400.0,0.2206630456001364,0.6336873876190088,12835
25.0,40.0,0.2,450.0,0.2206646029666929,0.6338370776171205,12835
30.0,55.0,0.2,400.0,0.22067674927737022,0.6345341758212582,12835
20.0,60.0,0.15,400.0,0.22068598030995595,0.6340316327292539,12835
20.0,50.0,0.15,350.0,0.22069138487451992,0.6342491838751105,12835
25.0,60.0,0.15,450.0,0.22069416736286468,0.6341670836923962,12835
20.0,50.0,0.15,400.0,0.22071449314556763,0.6340394116230486,12835
25.0,40.0,0.2,350.0,0.22071863133112188,0.6343866323611566,12835
25.0,70.0,0.15,450.0,0.22072666259437995,0.6343291759568174,12835
20.0,55.0,0.15,350.0,0.2207496459154556,0.6344495485525014,12835
20.0,40.0,0.2,450.0,0.2207533718494772,0.6339649024754238,12835
25.0,55.0,0.15,450.0,0.22077705821330507,0.6343228867176138,12835
30.0,50.0,0.2,400.0,0.22078149071657457,0.6347060925926813,12835
20.0,60.0,0.15,450.0,0.22078428446154294,0.6340905477372789,12835
15.0,50.0,0.15,350.0,0.22084257089644577,0.6342017400786265,12835
20.0,55.0,0.15,450.0,0.22084381719378154,0.6342169978774387,12835
25.0,60.0,0.15,400.0,0.22084573860852552,0.6348474624874388,12835
30.0,70.0,0.2,400.0,0.2208474941398604,0.6352231657935583,12835
25.0,55.0,0.15,400.0,0.22084900709164404,0.6347858139580478,12835
20.0,70.0,0.15,450.0,0.22086995204244503,0.6343103182861157,12835
20.0,70.0,0.2,350.0,0.2208781434977155,0.6346846766266693,12835
20.0,40.0,0.15,350.0,0.22090133628905384,0.6346324312435888,12835
15.0,40.0,0.2,400.0,0.22090545684472715,0.6343293079108214,12835
20.0,60.0,0.15,350.0,0.22091413251586228,0.63490850629715,12835
25.0,50.0,0.15,450.0,0.22092723846245527,0.6346380900133468,12835
25.0,50.0,0.15,400.0,0.22093442519719997,0.6349246491279412,12835
15.0,55.0,0.15,350.0,0.22094645007917763,0.6344493496048152,12835
20.0,50.0,0.15,450.0,0.2209726193413406,0.6345018086371252,12835
15.0,40.0,0.15,350.0,0.22097467624310288,0.6344875824631455,12835
20.0,70.0,0.15,400.0,0.22099240665152178,0.63481779579531,12835
30.0,70.0,0.15,450.0,0.22102939656822967,0.63549700349754,12835
30.0,40.0,0.2,450.0,0.22104425211476753,0.6349234070007236,12835
30.0,60.0,0.15,450.0,0.22104445763228103,0.6353864479427693,12835
15.0,60.0,0.2,450.0,0.22104662357753638,0.6346020870103741,12835
15.0,55.0,0.2,450.0,0.2210709328091036,0.6346902558020971,12835
15.0,70.0,0.2,400.0,0.22107994465666006,0.6345593224867722,12835
25.0,70.0,0.15,400.0,0.22108089581629778,0.6355668737030339,12835
20.0,40.0,0.15,400.0,0.22108723105351735,0.6348500988374712,12835
30.0,55.0,0.15,450.0,0.22114848737545206,0.6355693958029311,12835
15.0,60.0,0.15,350.0,0.221161134510871,0.634955078870566,12835
15.0,55.0,0.15,400.0,0.22116445031072313,0.6348450743862231,12835
15.0,50.0,0.2,450.0,0.2211686192008181,0.634936823682938,12835
15.0,50.0,0.15,400.0,0.22118832197163169,0.6349082482339735,12835
25.0,70.0,0.2,350.0,0.22119491884758843,0.6361074483589363,12835
15.0,70.0,0.2,450.0,0.22121499621779211,0.6348984615402345,12835
15.0,60.0,0.15,400.0,0.22122883014048708,0.6349810410597623,12835
30.0,40.0,0.2,400.0,0.2212389990892782,0.635657961387842,12835
25.0,50.0,0.15,350.0,0.22124537630443197,0.6361290495690924,12835
25.0,55.0,0.15,350.0,0.22126401898002354,0.6362885682378682,12835
30.0,50.0,0.15,450.0,0.22131795228671272,0.6359124570167538,12835
15.0,70.0,0.2,350.0,0.2213494950570678,0.6352489304303973,12835
25.0,40.0,0.15,400.0,0.22135592593657608,0.6358082212669981,12835
25.0,60.0,0.15,350.0,0.22138533161068638,0.6367084470996612,12835
30.0,55.0,0.2,350.0,0.2214261623844855,0.6369436156650913,12835
25.0,40.0,0.15,450.0,0.22143078952024312,0.6357468580874838,12835
30.0,50.0,0.2,350.0,0.22143332217763612,0.6368234546731091,12835
20.0,40.0,0.15,450.0,0.22143965246382552,0.6355476164806331,12835
30.0,60.0,0.15,400.0,0.22145307641414116,0.6368557025807215,12835
30.0,55.0,0.15,400.0,0.2214843922261037,0.6368251214267658,12835
15.0,40.0,0.15,400.0,0.2215051602959799,0.6356358904665484,12835
30.0,60.0,0.2,350.0,0.22152072024336014,0.6373258526282286,12835
25.0,40.0,0.15,350.0,0.22152359217507928,0.6365996219380989,12835
20.0,70.0,0.15,350.0,0.22155364072120914,0.6365951514640452,12835
15.0,60.0,0.15,450.0,0.22156594247986047,0.6357163222218946,12835
15.0,40.0,0.2,450.0,0.22158629800458784,0.6359065369459166,12835
30.0,50.0,0.15,400.0,0.22159593034793726,0.6369972059919442,12835
15.0,55.0,0.15,450.0,0.22159842802032007,0.6358077873441299,12835
15.0,70.0,0.15,400.0,0.22161723754959006,0.6358460491146711,12835
30.0,70.0,0.15,400.0,0.221625542399136,0.6375174801265139,12835
20.0,55.0,0.1,400.0,0.22166055622123537,0.6365025322446445,12835
20.0,60.0,0.1,400.0,0.22167881404354334,0.6366001118729678,12835
20.0,50.0,0.1,350.0,0.22170091600636946,0.6369511425029946,12835
15.0,50.0,0.15,450.0,0.2217027214706663,0.6360574908408054,12835
15.0,70.0,0.15,450.0,0.22171297978351598,0.6360048991674866,12835
25.0,60.0,0.1,450.0,0.22172356144972338,0.6368782703252331,12835
20.0,50.0,0.1,400.0,0.2217252953765037,0.6366048971531924,12835
25.0,70.0,0.1,450.0,0.22173915334007188,0.6370446851850115,12835
20.0,55.0,0.1,350.0,0.22174761744181018,0.6371546109691433,12835
30.0,40.0,0.2,350.0,0.22175958394576442,0.6373770576680576,12835
20.0,60.0,0.1,450.0,0.22177246225714098,0.6365269792064001,12835
15.0,50.0,0.1,350.0,0.22179913770193535,0.6365554975031001,12835
25.0,55.0,0.1,450.0,0.22181253105833365,0.6370323332233984,12835
20.0,55.0,0.1,450.0,0.2218387967022038,0.6366521693949,12835
20.0,70.0,0.1,450.0,0.22183929662981403,0.6367492685148064,12835
30.0,40.0,0.15,450.0,0.2218546805976018,0.6370799243098667,12835
25.0,60.0,0.1,400.0,0.22186644838662267,0.637672848367992,12835
25.0,55.0,0.1,400.0,0.22187830762443866,0.6376080621577463,12835
15.0,55.0,0.1,350.0,0.2218897343396634,0.6368045367806666,12835
20.0,60.0,0.1,350.0,0.2218984495457023,0.6376180332283821,12835
15.0,70.0,0.15,350.0,0.22191345064605283,0.6367320665925696,12835
20.0,40.0,0.1,350.0,0.22192670812102097,0.6373306641148682,12835
25.0,70.0,0.15,350.0,0.22192816511521612,0.638321747474247,12835
15.0,40.0,0.1,350.0,0.22194989904164336,0.6368400993399106,12835
20.0,70.0,0.1,400.0,0.2219598523106807,0.6373920004004069,12835
25.0,50.0,0.1,450.0,0.22196729607653723,0.6373463653506879,12835
25.0,50.0,0.1,400.0,0.2219706599904832,0.637744730496587,12835
20.0,50.0,0.1,450.0,0.2219724493671991,0.6369354692913178,12835
30.0,70.0,0.2,350.0,0.22200736441794813,0.6388689330362789,12835
30.0,70.0,0.1,450.0,0.22205785626504182,0.6384163979465565,12835
30.0,40.0,0.15,400.0,0.22206219547473793,0.6379508721398702,12835
25.0,70.0,0.1,400.0,0.22207910366258596,0.6384006352671241,12835
30.0,60.0,0.1,450.0,0.22208739367155567,0.6382986514348611,12835
15.0,60.0,0.1,350.0,0.22208861353404616,0.6373125227819125,12835
15.0,55.0,0.1,400.0,0.22209100392400585,0.6370324295374594,12835
20.0,40.0,0.1,400.0,0.22210745118517283,0.6374131874733258,12835
15.0,50.0,0.1,400.0,0.22212402078733992,0.637095450268847,12835
15.0,40.0,0.15,450.0,0.22212860345204577,0.6370325136072947,12835
15.0,60.0,0.1,400.0,0.2221440497741567,0.6371686667538968,12835
30.0,55.0,0.1,450.0,0.22219661743852062,0.6384789077799395,12835
30.0,55.0,0.15,350.0,0.2222314521967162,0.6393853858756462,12835
30.0,50.0,0.15,350.0,0.22224823354252426,0.6392638008135934,12835
25.0,50.0,0.1,350.0,0.22226666922556404,0.6390677371838274,12835
25.0,55.0,0.1,350.0,0.2222750894946117,0.6392310850516396,12835
30.0,60.0,0.15,350.0,0.2223140349074372,0.6397688645198061,12835
30.0,50.0,0.1,450.0,0.22236988226219723,0.6388197905349182,12835
25.0,60.0,0.1,350.0,0.22238417956775577,0.6396563060085272,12835
25.0,40.0,0.1,400.0,0.22240029058159314,0.6386252841302084,12835
20.0,40.0,0.1,450.0,0.22244502315527087,0.6379807788586628,12835
15.0,40.0,0.1,400.0,0.2224520219674756,0.6378222615331549,12835
15.0,60.0,0.1,450.0,0.22245523618162402,0.6377430630617188,12835
25.0,40.0,0.1,450.0,0.22247515663093603,0.6384534166052361,12835
30.0,60.0,0.1,400.0,0.22247837894447892,0.6398706061037143,12835
15.0,55.0,0.1,450.0,0.22249568186972993,0.6378347954221694,12835
20.0,70.0,0.1,350.0,0.2225032706661775,0.6393151569744944,12835
15.0,70.0,0.1,400.0,0.22250353133455467,0.6380351939837404,12835
30.0,55.0,0.1,400.0,0.22251756983457274,0.6398367869833876,12835
25.0,40.0,0.1,350.0,0.22255846399412627,0.6395329111908413,12835
15.0,70.0,0.1,450.0,0.222581330774509,0.6380319899293473,12835
30.0,40.0,0.15,350.0,0.2225881507411055,0.6398176980835273,12835
15.0,50.0,0.1,450.0,0.22260592519037248,0.6380844232234307,12835
30.0,70.0,0.1,400.0,0.22263054959757733,0.6405422429113706,12835
30.0,50.0,0.1,400.0,0.22263495145590473,0.6400054942085722,12835
30.0,70.0,0.15,350.0,0.22277008139874818,0.6413145096257936,12835
15.0,70.0,0.1,350.0,0.22280162898288944,0.6390957123162607,12835
25.0,70.0,0.1,350.0,0.22289550308252365,0.6412815914847516,12835
30.0,40.0,0.1,450.0,0.22291009048219626,0.6399850829780395,12835
15.0,40.0,0.1,450.0,0.22303908045784174,0.6390610859382164,12835
30.0,40.0,0.1,400.0,0.223107816928729,0.6409546067311116,12835
30.0,55.0,0.1,350.0,0.2232383075950605,0.6425084676929637,12835
30.0,50.0,0.1,350.0,0.2232643883012055,0.6423827165771906,12835
30.0,60.0,0.1,350.0,0.2233099809877965,0.6428981354706624,12835
30.0,40.0,0.1,350.0,0.22361599393901965,0.6429300760718067,12835
30.0,70.0,0.1,350.0,0.22373768661660562,0.6444579180842023,12835
20.0,50.0,0.0,350.0,0.22480791119673976,0.6457743367066685,12835
20.0,55.0,0.0,350.0,0.22483630419056902,0.6460073961418359,12835
20.0,55.0,0.0,400.0,0.2249053904853998,0.6453619219737619,12835
20.0,60.0,0.0,400.0,0.22490882682852592,0.6454856975467351,12835
25.0,70.0,0.0,450.0,0.22491300919124624,0.6460603610803172,12835
25.0,60.0,0.0,450.0,0.2249226101288066,0.6458473773268869,12835
25.0,60.0,0.0,400.0,0.22492446201108976,0.6466214088187942,12835
25.0,55.0,0.0,400.0,0.22494974251910804,0.6465326443478645,12835
20.0,60.0,0.0,350.0,0.22496339918430958,0.6465036186511597,12835
20.0,50.0,0.0,400.0,0.2249805917796925,0.6454410114684153,12835
25.0,55.0,0.0,450.0,0.22501945150432154,0.645982260674822,12835
25.0,50.0,0.0,400.0,0.22505151888264868,0.6466480225342258,12835
20.0,40.0,0.0,350.0,0.22505466864935234,0.6461064097297791,12835
30.0,70.0,0.0,450.0,0.22508704690603748,0.6474846339147146,12835
25.0,70.0,0.0,400.0,0.2250989274977439,0.6474068854029099,12835
15.0,50.0,0.0,350.0,0.22511145739876248,0.6452784702022956,12835
20.0,60.0,0.0,450.0,0.2251322144213155,0.6454085740962189,12835
30.0,60.0,0.0,450.0,0.22513961006288352,0.64732332598615,12835
20.0,70.0,0.0,400.0,0.2251466964232952,0.6463368884022036,12835
20.0,70.0,0.0,450.0,0.2251707905158743,0.6456802132680612,12835
25.0,50.0,0.0,450.0,0.22517887262201614,0.6462796006193186,12835
15.0,55.0,0.0,350.0,0.22518051505300954,0.6455581978891192,12835
25.0,55.0,0.0,350.0,0.2251841739688497,0.648137666370322,12835
25.0,50.0,0.0,350.0,0.2251920088638755,0.647946536173461,12835
20.0,55.0,0.0,450.0,0.22520764751669267,0.6455133825718329,12835
30.0,55.0,0.0,450.0,0.2252560992806287,0.6474859775098777,12835
25.0,60.0,0.0,350.0,0.22527220904095818,0.6485938968456605,12835
15.0,40.0,0.0,350.0,0.22528829457095195,0.6455146648915477,12835
20.0,50.0,0.0,450.0,0.22534744941065032,0.6457800913545139,12835
15.0,60.0,0.0,350.0,0.22535191691176523,0.6461005817424503,12835
20.0,40.0,0.0,400.0,0.22537173939733296,0.6462137374844722,12835
30.0,60.0,0.0,400.0,0.22538502952246564,0.6488676333687129,12835
30.0,50.0,0.0,450.0,0.22543333872669838,0.6478112752638167,12835
30.0,55.0,0.0,400.0,0.22543560550015498,0.6488093914548277,12835
25.0,40.0,0.0,400.0,0.2254885075596888,0.6474959531824257,12835
25.0,40.0,0.0,350.0,0.22550174263129746,0.6483669407262226,12835
30.0,70.0,0.0,400.0,0.22550333145385276,0.6495954311598647,12835
20.0,70.0,0.0,350.0,0.22550641086163367,0.648280020365487,12835
15.0,55.0,0.0,400.0,0.22551855009997476,0.6457502345882654,12835
15.0,60.0,0.0,400.0,0.22555355227175594,0.6459125457021121,12835
30.0,50.0,0.0,400.0,0.22556116995408815,0.648957682567413,12835
15.0,50.0,0.0,400.0,0.2255650772691372,0.6457907113147819,12835
25.0,40.0,0.0,450.0,0.22568765784140365,0.6473640227415934,12835
25.0,70.0,0.0,350.0,0.22572837656029215,0.6502943705561606,12835
20.0,40.0,0.0,450.0,0.22582265277081143,0.6468021257345353,12835
15.0,70.0,0.0,400.0,0.2258629324865402,0.6468408698280261,12835
15.0,40.0,0.0,400.0,0.2259068309196986,0.6464838810095903,12835
30.0,40.0,0.0,450.0,0.22597320611856142,0.6489544122481955,12835
15.0,60.0,0.0,450.0,0.22597398916636624,0.6464406970690861,12835
15.0,70.0,0.0,350.0,0.22599254599112706,0.6479640826625028,12835
30.0,55.0,0.0,350.0,0.2259943939449833,0.6514697992085823,12835
15.0,55.0,0.0,450.0,0.22602629994872733,0.646512965106917,12835
30.0,50.0,0.0,350.0,0.22603484455098477,0.6513174335940098,12835
30.0,40.0,0.0,400.0,0.22604070607782834,0.6498772566299813,12835
30.0,60.0,0.0,350.0,0.22604714577597695,0.6518891416008362,12835
15.0,70.0,0.0,450.0,0.2260645614075909,0.6467759155815471,12835
15.0,50.0,0.0,450.0,0.2261448050397788,0.6467461723000518,12835
30.0,40.0,0.0,350.0,0.22640239399602058,0.6518230089178616,12835
30.0,70.0,0.0,350.0,0.22642593186021687,0.6535230875216582,12835
15.0,40.0,0.0,450.0,0.22658284672741233,0.6476978591406659,12835
